UAV1X	UAV1Y	UAV1Z	UAV1situation	UAV1_t	UAV2X	UAV2Y	UAV2Z	UAV2situation	UAV2_t	UAV3X	UAV3Y	UAV3Z	UAV3situation	UAV3_t	
0	0	5	1	2.4272	0	0	5	1	2.42726	0	0	0	0	2.42727	
0.6	0	5	2	2.46455	0.45	0	5	2	2.4646	0.3	0	5	1	2.46461	
1.35	0	5	2	2.50027	1.2	0	5	2	2.5003	1.05	0	5	2	2.5003	
2.1	0	5	2	2.53569	1.95	0	5	2	2.53572	1.8	0	5	2	2.53572	
3	0	5	2	2.57292	2.85	0	5	2	2.57295	2.7	0	5	2	2.57295	
3.75	0	5	2	2.60716	3.6	0	5	2	2.60719	3.45	0	5	2	2.60719	
4.5	0	5	2	2.64223	4.35	0	5	2	2.64226	4.2	0	5	2	2.64226	
5.4	0	5	2	2.67724	5.25	0	5	2	2.67727	5.1	0	5	2	2.67728	
6.15	0	5	2	2.71345	6	0	5	2	2.71347	5.85	0	5	2	2.71348	
6.9	0	5	2	2.7462	6.75	0	5	2	2.74623	6.6	0	5	2	2.74623	
7.8	0	5	2	2.77793	7.5	0	5	2	2.77802	7.5	0	5	2	2.77803	
8.55	0	5	2	2.80921	8.4	0	5	2	2.80925	8.25	0	5	2	2.80926	
9.3	0	5	2	2.83962	9.15	0	5	2	2.83968	9	0	5	2	2.8397	
10.2	0	5	2	2.87037	9.9	0	5	2	2.87042	9.9	0	5	2	2.87043	
10.95	0	5	2	2.9013	10.8	0	5	2	2.90135	10.65	0	5	2	2.90137	
11.7	0	5	2	2.93184	11.55	0	5	2	2.93189	11.4	0	5	2	2.93192	
12.45	0	5	2	2.96209	12.3	0	5	2	2.96217	12.3	0	5	2	2.96218	
13.35	0	5	2	2.9954	13.2	0	5	2	2.99545	13.05	0	5	2	2.99546	
14.1	0	5	2	3.03052	13.95	0	5	2	3.03057	13.8	0	5	2	3.03059	
14.85	0	5	2	3.06653	14.7	0	5	2	3.06666	14.7	0	5	2	3.06667	
15.75	0	5	2	3.10199	15.6	0	5	2	3.10203	15.45	0	5	2	3.10204	
16.1156	0.557958	5	3	3.14061	16.35	0	5	2	3.14066	16.2	0	5	2	3.14067	
16.3008	1.28376	5	3	3.16802	17.1	0	5	2	3.16805	17.1	0	5	2	3.16805	
16.4405	2.17237	5	3	3.20456	18	0	5	2	3.20461	17.85	0	5	2	3.20462	
16.5138	2.91862	5	3	3.23848	18.75	0	5	2	3.23852	18.6	0	5	2	3.23853	
16.5623	3.66698	5	3	3.27408	19.5	0	5	2	3.27413	19.5	0	5	2	3.27415	
16.6024	4.56605	5	3	3.30935	20.4	0	5	2	3.30938	20.25	0	5	2	3.30939	
16.6232	5.31575	5	3	3.34482	21.15	0	5	2	3.34485	21	0	5	2	3.34486	
16.637	6.06561	5	3	3.38046	21.9	0	5	2	3.38049	21.9	0	5	2	3.3805	
16.6484	6.96554	5	3	3.41393	22.8	0	5	2	3.41395	22.65	0	5	2	3.41396	
16.6543	7.71551	5	3	3.45022	23.55	0	5	2	3.45026	23.4	0	5	2	3.45026	
16.6583	8.4655	5	3	3.48458	24.3	0	5	2	3.4846	24.3	0	5	2	3.48461	
16.6615	9.3655	5	3	3.51962	25.2	0	5	2	3.51967	25.05	0	5	2	3.51968	
16.6632	10.1155	5	3	3.55086	25.95	0	5	2	3.55089	25.8	0	5	2	3.5509	
16.6643	10.8655	5	3	3.58166	26.7	0	5	2	3.5817	26.55	0	5	2	3.58171	
16.6652	11.7655	5	3	3.61173	27.45	0	5	2	3.61186	27.45	0	5	2	3.61187	
16.6657	12.5155	5	3	3.6351	28.35	0	5	2	3.63513	28.2	0	5	2	3.63513	
16.666	13.2655	5	3	3.64805	29.1	0	5	2	3.64808	28.95	0	5	2	3.64808	
16.6663	14.1655	5	3	3.68047	29.8499	0	5	2	3.68052	29.8499	0	5	2	3.68053	
16.6664	14.9155	5	3	3.71622	30.7499	0	5	2	3.71626	30.5999	0	5	2	3.71627	
16.6665	15.6655	5	3	3.74627	31.4999	0	5	2	3.7463	31.3499	0	5	2	3.74631	
16.6666	16.5655	5	3	3.76961	32.2499	0	5	2	3.76967	32.2499	0	5	2	3.76968	
16.6666	17.3155	5	3	3.78807	33.15	0	5	2	3.78812	33	0	5	2	3.78814	
16.6666	18.0655	5	3	3.82364	33.9	0	5	2	3.8237	33.75	0	5	2	3.82371	
16.6666	18.9655	5	3	3.85936	34.65	0	5	2	3.8594	34.65	0	5	2	3.85941	
16.6666	19.7155	5	3	3.89691	35.55	0	5	2	3.89695	35.4	0	5	2	3.89695	
16.6667	20.4655	5	3	3.93216	36.3	0	5	2	3.93222	36.15	0	5	2	3.93223	
16.6667	21.2155	5	3	3.96544	37.05	0	5	2	3.96549	37.05	0	5	2	3.9655	
16.6667	22.1155	5	3	4.00215	37.95	0	5	2	4.0022	37.8	0	5	2	4.00221	
16.6667	22.8655	5	3	4.03991	38.7	0	5	2	4.03995	38.55	0	5	2	4.03996	
16.6667	23.6155	5	3	4.07704	39.45	0	5	2	4.07707	39.45	0	5	2	4.07707	
16.6667	24.5155	5	3	4.11162	40.35	0	5	2	4.11164	40.2	0	5	2	4.11165	
16.6667	25.2655	5	3	4.1441	41.1	0	5	2	4.14413	40.95	0	5	2	4.14414	
16.6667	26.0155	5	3	4.17172	41.85	0	5	2	4.17174	41.85	0	5	2	4.17175	
16.6667	26.9155	5	3	4.20627	42.7501	0	5	2	4.2063	42.6001	0	5	2	4.20631	
16.6667	27.6655	5	3	4.23853	43.5001	0	5	2	4.23858	43.3501	0	5	2	4.2386	
16.6667	28.4154	5	3	4.26957	44.2501	0	5	2	4.26962	44.2501	0	5	2	4.26964	
16.6667	29.3154	5	3	4.30103	45.1501	0	5	2	4.30109	45.0001	0	5	2	4.3011	
16.6667	30.0654	5	3	4.33058	45.9001	0	5	2	4.33063	45.7501	0	5	2	4.33064	
16.6667	30.8154	5	3	4.36163	46.6501	0	5	2	4.36167	46.6501	0	5	2	4.36168	
16.6667	31.7154	5	3	4.39203	47.5501	0	5	2	4.39208	47.4001	0	5	2	4.3921	
16.6667	32.4654	5	3	4.42265	48.3001	0	5	2	4.42674	48.1501	0	5	2	4.42676	
16.6667	33.2155	5	3	4.45776	49.0501	0	5	2	4.45781	49.0501	0	5	2	4.45782	
16.6667	34.1155	5	3	4.48941	49.6042	0.437254	5	3	4.48946	49.8001	0	5	2	4.48947	
16.6667	34.8655	5	3	4.52417	49.7324	1.17579	5	3	4.52422	50.5501	0	5	2	4.52423	
16.6667	35.6155	5	3	4.55979	49.8176	1.92076	5	3	4.55984	51.4501	0	5	2	4.55986	
16.6667	36.5155	5	3	4.59541	49.8871	2.81798	5	3	4.59545	52.2001	0	5	2	4.59546	
16.6667	37.2655	5	3	4.62542	49.9239	3.56704	5	3	4.62548	52.9502	0	5	2	4.62549	
16.6667	38.0155	5	3	4.66139	49.9482	4.31663	5	3	4.66148	53.8502	0	5	2	4.66149	
16.6667	38.9155	5	3	4.69904	49.968	5.21641	5	3	4.69909	54.6002	0	5	2	4.6991	
16.6667	38.7655	5	3	4.73451	49.9784	5.96634	5	3	4.73455	55.3502	0	5	2	4.73456	
16.6667	38.0155	5	3	4.77088	49.9853	6.7163	5	3	4.77092	56.2502	0	5	2	4.77093	
16.6667	37.1155	5	3	4.79925	49.9902	7.46629	5	3	4.7993	57.0002	0	5	2	4.79931	
16.42	36.4185	5	4	4.84177	49.907	7.69647	5.11328	5	4.8418	57.7502	0	5	2	4.84181	
16.1842	35.743	4.97702	4	4.8786	49.8538	7.84965	5.189	5	4.87863	58.6502	0	5	2	4.87863	
16.2375	35.1088	4.85803	6	4.9113	49.7779	8.07949	5.30281	5	4.91133	59.4002	0	5	2	4.91134	
16.2997	34.369	4.70545	6	4.94762	49.707	8.30936	5.4169	5	4.94766	60.1502	0	5	2	4.94766	
16.3496	33.7743	4.56918	6	4.98253	49.6619	8.46229	5.49314	5	4.98255	61.0502	0	5	2	4.98256	
16.3975	33.2043	4.42371	6	5.01091	49.5983	8.69167	5.6077	5	5.01094	61.8002	0	5	2	5.01095	
16.4516	32.5605	4.23584	6	5.04312	49.5388	8.92052	5.72256	5	5.04316	62.5503	0	5	2	5.04316	
16.4932	32.0651	4.06743	6	5.07599	49.5017	9.07305	5.79926	5	5.07602	63.4503	0	5	2	5.07602	
16.531	31.615	3.88789	6	5.10486	49.4495	9.30127	5.91455	5	5.1049	64.2003	0	5	2	5.10491	
16.5705	31.1448	3.65812	6	5.13211	49.4021	9.52939	6.03004	5	5.13213	64.9503	0	5	2	5.13214	
16.5979	30.8182	3.45583	6	5.16656	49.3724	9.68089	6.10721	5	5.16659	65.7003	0	5	2	5.1666	
16.6201	30.554	3.24543	6	5.19907	49.3321	9.90827	6.22308	5	5.1991	66.6003	0	5	2	5.19911	
16.64	30.3176	2.98509	6	5.22916	49.2958	10.135	6.33919	5	5.2292	67.3503	0	5	2	5.22921	
16.6514	30.1816	2.76389	6	5.25993	49.2739	10.2858	6.4167	5	5.25999	68.1003	0	5	2	5.26	
16.6589	30.092	2.54054	6	5.29266	49.2447	10.5117	6.53314	5	5.29272	69.0003	0	5	2	5.29273	
16.664	30.0318	2.27118	6	5.32263	49.2194	10.7368	6.64978	5	5.32265	69.7503	0	5	2	5.32266	
16.6659	30.009	2.04629	6	5.3353	49.2053	10.8869	6.72759	5	5.33533	70.5003	0	5	2	5.33533	
16.6666	30.0012	1.82131	6	5.37347	49.1868	11.1111	6.84451	5	5.3735	71.4003	0	5	2	5.3735	
16.6667	30	1.64131	6	5.41065	49.1729	11.335	6.96154	5	5.41067	72.1504	0	5	2	5.41068	
16.2317	29.2171	1.66781	4	5.44617	49.1657	11.4838	7.03967	5	5.4462	72.9004	0	5	2	5.44621	
15.8693	28.5647	1.69027	4	5.47863	49.1586	11.7067	7.15692	5	5.47865	73.8004	0	5	2	5.47866	
15.5069	27.9125	1.71309	4	5.50938	49.1558	11.9292	7.27425	5	5.50942	74.5504	0	5	2	5.50943	
15.0722	27.13	1.74096	4	5.54005	49.156	12.0771	7.35256	5	5.54011	75.3004	0	5	2	5.54012	
14.71	26.478	1.76462	4	5.57011	49.1598	12.2986	7.47007	5	5.57015	76.2004	0	5	2	5.57015	
14.3478	25.8261	1.78868	4	5.6007	49.1672	12.5191	7.58772	5	5.60076	76.9504	0	5	2	5.60077	
13.9134	25.0441	1.81811	4	5.6334	49.1745	12.666	7.66616	5	5.63345	77.7004	0	5	2	5.63346	
13.5514	24.3925	1.84313	4	5.66598	49.1883	12.8854	7.78395	5	5.66603	78.6004	0	5	2	5.66604	
13.1895	23.7411	1.86861	4	5.69719	49.2063	13.1045	7.90175	5	5.69724	79.3504	0	5	2	5.69725	
12.7553	22.9596	1.89984	4	5.72708	49.2199	13.2498	7.98039	5	5.72713	80.1004	0	5	2	5.72715	
12.3937	22.3086	1.92642	4	5.76012	49.244	13.4676	8.0983	5	5.76017	81.0004	0	5	2	5.76018	
12.0321	21.6578	1.95355	4	5.79667	49.2715	13.6845	8.21629	5	5.79672	81.7505	0	5	2	5.79674	
11.5984	20.877	1.98685	4	5.83282	49.2918	13.8287	8.29498	5	5.83286	82.5005	0	5	2	5.83288	
11.237	20.2267	2.01526	4	5.86873	49.3253	14.0444	8.41303	5	5.86876	83.1361	0.29778	5	2	5.86876	
10.8759	19.5765	2.0443	4	5.90474	49.3619	14.2591	8.53117	5	5.90476	83.0422	0.891113	5	3	5.90476	
10.4426	18.7967	2.08004	4	5.91812	49.3888	14.4022	8.60986	5	5.91817	82.2925	0.870893	5	4	5.91818	
10.0818	18.1472	2.11061	4	5.95221	49.4311	14.6156	8.72803	5	5.95224	81.3928	0.84663	5	4	5.9523	
9.72108	17.498	2.14194	4	5.98514	49.4618	14.7579	8.80673	5	5.98518	80.643	0.826411	5	4	5.98519	
9.28851	16.7193	2.1806	4	6.02366	49.5098	14.97	8.92491	5	6.02369	79.8933	0.806191	5	4	6.0237	
8.92825	16.0709	2.21377	4	6.03743	49.5615	15.1818	9.04301	5	6.03749	79.1435	0.785972	5	4	6.03753	
8.56823	15.4228	2.24786	4	6.06494	49.5984	15.323	9.12165	5	6.06496	78.2439	0.761709	5	4	6.06496	
8.13653	14.6458	2.29009	4	6.07799	49.6555	15.5335	9.23974	5	6.07801	77.4941	0.741489	5	4	6.07801	
7.77709	13.9988	2.32646	4	6.10899	49.7162	15.7436	9.35772	5	6.10902	76.7444	0.72127	5	4	6.10902	
7.41796	13.3523	2.36399	4	6.14387	49.7581	15.883	9.43641	5	6.14391	75.8447	0.697007	5	4	6.14392	
6.98746	12.5775	2.41068	4	6.17493	49.824	16.0918	9.55435	5	6.17495	75.0949	0.676787	5	4	6.17496	
6.62916	11.9325	2.45111	4	6.18937	49.8925	16.2996	9.67231	5	6.1894	74.3452	0.656568	5	4	6.1894	
6.27131	11.2884	2.49303	4	6.20839	49.9402	16.438	9.75089	5	6.20844	73.4455	0.632305	5	4	6.20845	
5.84257	10.5166	2.54551	4	6.23829	50.0136	16.6445	9.86878	5	6.23832	72.6958	0.612085	5	4	6.23832	
5.48594	9.87471	2.59125	4	6.26583	50.0905	16.8507	9.98654	5	6.26586	71.946	0.591866	5	4	6.26587	
5.13001	9.23404	2.63902	4	6.30054	50.1427	16.9873	10.0651	5	6.30058	71.0463	0.567603	5	4	6.3006	
4.7749	8.59483	2.68903	4	6.33312	50.2242	17.1923	10.1828	5	6.33321	70.2966	0.547383	5	4	6.33323	
4.35003	7.83007	2.7524	4	6.36678	50.3082	17.3962	10.3005	5	6.36681	69.5469	0.527163	5	4	6.36681	
3.99726	7.19507	2.80839	4	6.37948	50.3656	17.5318	10.3789	5	6.37953	68.6472	0.5029	5	4	6.37955	
3.6459	6.56263	2.86767	4	6.41465	50.4541	17.7345	10.4964	5	6.41468	67.8974	0.48268	5	4	6.41469	
3.2266	5.80789	2.94388	4	6.43657	50.5448	17.9363	10.614	5	6.43661	67.1477	0.462461	5	4	6.43662	
2.87964	5.18336	3.01233	4	6.45584	50.6072	18.0709	10.6922	5	6.45587	66.248	0.438197	5	4	6.45587	
2.53557	4.56404	3.08612	4	6.4688	50.7022	18.2714	10.8097	5	6.46883	65.4983	0.417978	5	4	6.46883	
2.12777	3.82999	3.18322	4	6.48238	50.8001	18.4717	10.9269	5	6.48241	64.7485	0.397758	5	4	6.48241	
1.79374	3.22875	3.2729	4	6.50112	50.8665	18.6046	11.0051	5	6.50114	63.8488	0.373494	5	4	6.50115	
1.46724	2.64103	3.37255	4	6.52186	50.9685	18.8038	11.1222	5	6.52195	63.0991	0.353275	5	4	6.52195	
1.09023	1.96242	3.50899	4	6.53524	51.0725	19.002	11.2394	5	6.53527	62.3494	0.333055	5	4	6.53527	
0.795246	1.43145	3.64081	4	6.54912	51.1434	19.1341	11.3173	5	6.54915	61.4497	0.308791	5	4	6.54916	
0.528237	0.950829	3.79358	4	6.57203	51.2513	19.3312	11.4343	5	6.57206	60.7	0.288572	5	4	6.57206	
0.289014	1.27955	3.98678	4	6.60229	51.3619	19.5281	11.5511	5	6.60233	59.9503	0.268352	5	4	6.60234	
0.192591	1.92027	4.09984	4	6.62304	51.4362	19.6585	11.629	5	6.62306	59.0506	0.244089	5	4	6.62307	
0.13024	2.59358	4.19695	4	6.64856	51.5505	19.8545	11.7456	5	6.64858	58.3009	0.223869	5	4	6.64859	
0.0789063	3.41394	4.30599	4	6.67354	51.6665	20.0494	11.8622	5	6.67356	57.5512	0.20365	5	4	6.67357	
0.0533969	4.12066	4.38073	4	6.68704	51.745	20.1791	11.9398	5	6.68709	56.6515	0.179386	5	4	6.6871	
0.0354327	4.83275	4.45048	4	6.70961	51.8645	20.3731	12.0562	5	6.70963	55.9018	0.159167	5	4	6.70964	
0.021742	5.6987	4.52338	4	6.73156	51.9865	20.567	12.1724	5	6.73161	55.1521	0.138947	5	4	6.73163	
0.014837	6.42957	4.5737	4	6.76143	52.0689	20.6959	12.2498	5	6.76145	54.2524	0.114684	5	4	6.76146	
0.00991	7.16247	4.62101	4	6.79559	52.1942	20.8889	12.3659	5	6.79565	53.5027	0.0944642	5	4	6.79566	
0.00669724	7.89973	4.66195	4	6.82463	52.3209	21.0809	12.4819	5	6.82465	52.753	0.0742448	5	4	6.82466	
0.00419099	8.78796	4.70517	4	6.8575	52.407	21.2092	12.559	5	6.85753	51.8533	0.0499815	5	4	6.85753	
0.00280792	9.52996	4.73766	4	6.87491	52.5368	21.4004	12.6749	5	6.87493	51.2119	0.325115	5	4	6.87494	
0.00190217	10.274	4.76584	4	6.89139	52.6689	21.5915	12.7905	5	6.89142	50.791	0.938311	5	4	6.89143	
0.00119304	11.1684	4.79564	4	6.90813	52.7576	21.7184	12.8676	5	6.90817	50.5276	1.63866	5	4	6.90818	
0.000800497	11.9146	4.81809	4	6.92863	52.8925	21.9087	12.983	5	6.92866	50.3212	2.51384	5	4	6.92867	
0.0005429	12.6617	4.83758	4	6.95817	53.0287	22.0982	13.0984	5	6.95821	50.2168	3.25655	5	4	6.95822	
0.000340877	13.559	4.8582	4	6.98221	53.1208	22.2246	13.1753	5	6.98225	50.1477	4.00336	5	4	6.98225	
0.000228879	14.3072	4.87375	4	7.00109	53.2597	22.4132	13.2905	5	7.00113	50.1193	4.79056	4.88174	6	7.00115	
0.000155312	15.0558	4.88726	4	7.03527	53.3535	22.5391	13.3672	5	7.03529	50.105	5.4128	4.75623	6	7.0353	
9.75678e-05	15.9546	4.90157	4	7.05032	53.495	22.727	13.4823	5	7.05035	50.0912	6.0161	4.62265	6	7.05035	
6.55333e-05	16.7037	4.91235	4	7.06745	53.6386	22.9151	13.5971	5	7.06748	50.0754	6.70914	4.45054	6	7.06748	
4.44809e-05	17.453	4.92172	4	7.10076	53.7345	23.0397	13.6738	5	7.10081	50.0629	7.2548	4.29627	6	7.10083	
2.79502e-05	18.3524	4.93165	4	7.13521	53.8805	23.2271	13.7884	5	7.13526	50.0512	7.76479	4.13139	6	7.13528	
1.87764e-05	19.102	4.93914	4	7.15334	54.0286	23.4147	13.9028	5	7.15339	50.0385	8.31961	3.91896	6	7.1534	
1.27461e-05	19.8517	4.94564	4	7.18025	54.1274	23.5389	13.9792	5	7.18027	50.0292	8.72567	3.7299	6	7.18028	
8.01018e-06	20.7514	4.95253	4	7.21228	54.2777	23.7259	14.0934	5	7.21233	50.0212	9.07372	3.53069	6	7.21235	
5.38148e-06	21.5012	4.95773	4	7.23942	54.4289	23.9121	14.2076	5	7.23946	50.0135	9.40956	3.28034	6	7.23946	
3.65338e-06	22.251	4.96225	4	7.27267	54.5304	24.036	14.2837	5	7.27271	50.0087	9.62138	3.06457	6	7.27271	
2.29606e-06	23.1509	4.96704	4	7.29912	54.6836	24.2217	14.3978	5	7.29915	50.0051	9.7759	2.84445	6	7.29916	
1.54262e-06	23.9008	4.97065	4	7.33415	54.8376	24.4065	14.5119	5	7.3342	50.0024	9.89665	2.57695	6	7.33421	
1.04729e-06	24.6507	4.97378	4	7.35138	54.9417	24.5303	14.5877	5	7.35141	50.001	9.95472	2.35264	6	7.35142	
6.58213e-07	25.5506	4.97711	4	7.38609	55.0976	24.7146	14.7016	5	7.38612	50.0003	9.98498	2.12784	6	7.38612	
4.42232e-07	26.3006	4.97961	4	7.42089	55.2554	24.8993	14.8152	5	7.42091	50.0001	9.99717	1.90287	6	7.42091	
3.00235e-07	27.0505	4.98179	4	7.45606	55.3608	25.0219	14.8911	5	7.45609	50	9.99999	1.63287	6	7.45611	
1.88699e-07	27.9505	4.9841	4	7.48916	55.5203	25.2061	15.0045	5	7.48919	50	9.52877	1.74428	4	7.4892	
1.26781e-07	28.7005	4.98584	4	7.51852	55.6804	25.3896	15.1181	5	7.51857	50	8.96162	1.89147	4	7.51858	
8.60736e-08	29.4505	4.98735	4	7.55248	55.7882	25.5122	15.1936	5	7.55253	50	8.31972	2.08064	4	7.55254	
5.40977e-08	30.3504	4.98896	4	7.58294	55.9499	25.6953	15.3069	5	7.583	50	7.82384	2.24938	4	7.58301	
3.6347e-08	31.1004	4.99017	4	7.61323	56.1135	25.8789	15.42	5	7.61328	50	7.37029	2.42851	4	7.61329	
2.46765e-08	31.8504	4.99122	4	7.64355	56.2221	26.0003	15.4956	5	7.6436	50	6.89089	2.65689	4	7.64361	
1.55094e-08	32.7504	4.99233	4	7.67554	56.3872	26.1836	15.6085	5	7.67558	50	6.55173	2.8575	4	7.67559	
1.04204e-08	33.5004	4.99317	4	7.70439	56.5527	26.3661	15.7215	5	7.70444	50	6.27077	3.06604	4	7.70445	
7.07462e-09	34.2504	4.9939	4	7.73433	56.6635	26.4877	15.7967	5	7.73438	50	6.01014	3.32437	4	7.7344	
4.8508e-09	35.0004	4.99454	4	7.76526	56.8303	26.67	15.9095	5	7.7653	50	6.05062	3.53346	4	7.76531	
2.98751e-09	35.9004	4.99526	4	7.80079	56.9989	26.853	16.022	5	7.80083	50	6.5152	3.70842	4	7.80084	
2.02828e-09	36.6504	4.99576	4	7.82942	57.1117	26.9749	16.097	5	7.82948	50	7.20186	3.88121	4	7.8295	
1.39072e-09	37.4004	4.99621	4	7.8635	57.2816	27.1575	16.2093	5	7.86355	50	7.81082	4.01149	4	7.86356	
8.56515e-10	38.3004	4.99671	4	7.8993	57.4514	27.3394	16.3218	5	7.89935	50	8.46239	4.12212	4	7.89937	
5.81504e-10	39.0504	4.99706	4	7.93306	57.5662	27.4616	16.3965	5	7.93309	50	9.27132	4.23967	4	7.93309	
0.480568	39.5225	4.99753	4	7.95002	57.7371	27.6431	16.5088	5	7.95005	50	9.96552	4.32423	4	7.95006	
1.35996	39.7124	4.99787	4	7.98085	57.9097	27.8256	16.6208	5	7.9809	50	10.6746	4.39705	4	7.98091	
2.10314	39.8117	4.99811	4	8.00811	58.0246	27.9465	16.6957	5	8.00816	50	11.5352	4.47553	4	8.00817	
2.85012	39.8783	4.99834	4	8.03961	58.1982	28.1288	16.8075	5	8.03965	50	12.2604	4.53261	4	8.03966	
3.68998	39.744	4.99857	4	8.07246	58.3717	28.3102	16.9196	5	8.07252	50	12.9888	4.58597	4	8.07253	
4.12237	39.1383	4.99873	4	8.10456	58.4884	28.4317	16.9941	5	8.10461	50	13.871	4.63909	4	8.10462	
4.42001	38.4531	4.99887	4	8.13306	58.6627	28.6129	17.106	5	8.13309	50	14.6096	4.67793	4	8.13315	
4.64908	37.5842	4.99903	4	8.16378	58.8389	28.7953	17.2175	5	8.16383	50	15.3497	4.71438	4	8.16384	
4.76606	36.8438	4.99914	4	8.19414	58.9552	28.9154	17.2923	5	8.19419	50	16.2413	4.75078	4	8.1942	
4.84259	36.0978	4.99923	4	8.22437	59.1322	29.0977	17.4037	5	8.22442	50	16.986	4.77746	4	8.22443	
4.9022	35.1999	4.99933	4	8.25508	59.3089	29.2791	17.5153	5	8.25516	50	17.7313	4.80254	4	8.25518	
4.93497	34.4506	4.9994	4	8.28975	59.4268	29.4	17.5896	5	8.2898	50	18.4778	4.82423	4	8.28981	
4.95629	33.7009	4.99947	4	8.32468	59.6065	29.5836	17.7005	5	8.32472	50	19.3748	4.84603	4	8.32473	
4.97286	32.8011	4.99954	4	8.35373	59.7858	29.7659	17.8116	5	8.35377	50	20.1225	4.86335	4	8.35377	
4.98196	32.0512	4.99959	4	8.38089	59.9056	29.8871	17.8856	5	8.38093	50	20.8709	4.87834	4	8.38095	
4.98787	31.3012	4.99964	4	8.41347	60.0862	30.0684	17.9967	5	8.41352	50	21.7695	4.89341	4	8.41353	
4.99247	30.4012	4.99968	4	8.44803	60.2071	30.1887	18.0707	5	8.44808	50	22.5184	4.90539	4	8.44809	
4.99499	29.6512	4.99972	4	8.478	60.3895	30.3684	18.1817	5	8.47805	50	23.2676	4.91576	4	8.47807	
4.99664	28.9012	4.99975	4	8.51348	60.5717	30.5454	18.2931	5	8.51353	50	24.1669	4.92619	4	8.51354	
4.99791	28.0012	4.99978	4	8.54881	60.6966	30.6648	18.3667	5	8.54885	50	24.8081	4.8095	6	8.54887	
4.99861	27.2512	4.99981	4	8.58617	60.8812	30.8392	18.4782	5	8.58619	50	25.4339	4.6855	6	8.5862	
4.99907	26.5012	4.99983	4	8.62212	61.0702	31.0138	18.5889	5	8.62215	50	26.1596	4.52589	6	8.62215	
4.99942	25.6012	4.99985	4	8.6352	61.1957	31.1277	18.6631	5	8.63522	50	26.7383	4.38281	6	8.63523	
4.99961	24.8512	4.99987	4	8.6576	61.3884	31.2987	18.7738	5	8.65765	50	27.2875	4.22963	6	8.65767	
4.99974	24.1012	4.99988	4	8.68749	61.581	31.4657	18.885	5	8.68754	50	27.8982	4.03141	6	8.68756	
4.99984	23.2012	4.9999	4	8.71933	61.7126	31.5769	18.9587	5	8.71939	50	28.3579	3.85372	6	8.71941	
4.99989	22.4512	4.99991	4	8.75445	61.909	31.7391	19.07	5	8.75449	50	28.7646	3.66476	6	8.7545	
4.99993	21.7012	4.99992	4	8.78434	61.2065	31.3988	19.0345	5	8.78437	50	29.1734	3.42436	6	8.78438	
4.99995	20.8012	4.99993	4	8.81338	59.9208	30.7393	18.9137	7	8.81343	50	29.4435	3.21455	6	8.81345	
4.99997	20.0512	4.99994	4	8.84431	58.3799	29.9488	18.7666	7	8.84436	50	29.6502	2.99833	6	8.84437	
4.99998	19.3012	4.99994	4	8.87474	57.0974	29.2908	18.6421	7	8.87477	50	29.8219	2.73337	6	8.87478	
4.99999	18.5512	4.99995	4	8.90576	55.8165	28.6337	18.5157	7	8.90581	50	29.9115	2.51002	6	8.90583	
4.99999	17.6512	4.99996	4	8.93661	54.2815	27.8463	18.3616	7	8.93666	50	29.9637	2.28558	6	8.93667	
4.99999	16.9012	4.99996	4	8.96829	53.0043	27.1911	18.231	7	8.96834	50	29.9922	2.01573	6	8.96836	
5	16.1512	4.99997	4	9.00399	51.729	26.5368	18.0984	7	9.00404	50	29.9992	1.79074	6	9.00405	
5	15.2512	4.99997	4	9.0402	50.2011	25.7531	17.9365	7	9.04026	50	30	1.61074	6	9.04027	
5	14.5012	4.99997	4	9.07912	48.9301	25.1011	17.7991	7	9.07917	50	29.4655	1.76853	4	9.07918	
5	13.7512	4.99998	4	9.11501	47.6614	24.4502	17.6595	7	9.11505	50	28.8667	1.97001	4	9.11507	
5	12.8512	4.99998	4	9.15072	46.1419	23.6707	17.4889	7	9.15076	50	28.4093	2.14829	4	9.15077	
5	12.1012	4.99998	4	9.1839	44.8784	23.0225	17.3439	7	9.18395	50	27.9956	2.3359	4	9.18396	
5	11.3512	4.99998	4	9.22083	43.6175	22.3757	17.1964	7	9.22088	50	27.5633	2.57261	4	9.22089	
5	10.4512	4.99999	4	9.25494	42.1081	21.6014	17.0159	7	9.25497	50	27.2605	2.77839	4	9.25497	
5	9.70125	4.99999	4	9.28972	40.8536	20.9578	16.8624	7	9.28975	50	27.0108	2.9905	4	9.28975	
5	8.95125	4.99999	4	9.32466	39.6022	20.3158	16.7059	7	9.32469	50	26.7793	3.25134	4	9.32469	
5	8.05125	4.99999	4	9.36239	38.3543	19.6757	16.5464	7	9.36243	50	26.7114	3.47049	4	9.36244	
5	7.30125	4.99999	4	9.37859	36.8616	18.9099	16.3507	7	9.37862	50	27.1216	3.65619	4	9.37862	
5	6.55125	4.99999	4	9.41533	35.6219	18.274	16.184	7	9.41536	50	27.6518	3.81344	4	9.41537	
5	5.65125	4.99999	4	9.45166	34.3865	17.6402	16.0137	7	9.4517	50	28.3707	3.97445	4	9.45172	
5	4.90125	4.99999	4	9.48798	32.91	16.8828	15.8045	7	9.48802	50	29.0082	4.09174	4	9.48804	
5	4.15125	4.99999	4	9.52311	31.685	16.2543	15.6259	7	9.52314	50	29.6783	4.19184	4	9.52315	
5	3.25125	4.99999	4	9.55372	30.4653	15.6286	15.4432	7	9.55376	50	30.5073	4.29621	4	9.55377	
5	2.50125	4.99999	4	9.57048	29.0093	14.8817	15.2183	7	9.5705	50	31.2104	4.37379	4	9.5705	
5	1.75125	4.99999	4	9.58422	27.8029	14.2628	15.0259	7	9.58425	50	31.9258	4.44075	4	9.58426	
5	0.851251	4.99999	4	9.62215	26.6032	13.6474	14.8287	7	9.6222	50	32.7898	4.51564	4	9.62222	
5.49841	0.405436	4.99999	4	9.65421	25.1735	12.9139	14.5853	7	9.65424	50	33.5189	4.56801	4	9.65425	
6.23599	0.27061	4.99999	4	9.67751	23.991	12.3073	14.3767	7	9.67754	50	34.2532	4.61348	4	9.67756	
6.9796	0.173965	4.99999	4	9.70333	22.8175	11.7053	14.1624	7	9.70335	50	35.1366	4.66465	4	9.70336	
7.87698	0.106026	4.99999	4	9.71974	21.4222	10.9895	13.8973	7	9.7198	50	35.8768	4.70058	4	9.71982	
8.61156	0.138817	4.99999	4	9.75579	20.2714	10.3992	13.6694	7	9.75583	50	36.6181	4.7344	4	9.75585	
9.06759	0.727079	4.99999	4	9.79188	19.1325	9.81493	13.4348	7	9.79192	50	37.5103	4.76935	4	9.79193	
9.43266	1.54581	4.99999	4	9.82993	17.7833	9.12278	13.1439	7	9.82997	50	38.2558	4.79395	4	9.82998	
9.61265	2.27315	4.99999	4	9.86551	16.675	8.55425	12.8932	7	9.86553	50	39.0017	4.81713	4	9.86554	
9.74244	3.01128	4.99999	4	9.90295	15.5831	7.99408	12.6344	7	9.90298	50.4938	39.5922	4.85128	4	9.90299	
9.84119	3.9056	4.99999	4	9.9393	14.5091	7.44312	12.3673	7	9.93933	51.2279	39.7336	4.86862	4	9.93933	
9.89217	4.6538	4.99999	4	9.97633	13.2467	6.79553	12.035	7	9.97635	51.9699	39.8282	4.88435	4	9.97636	
9.92607	5.40301	4.99999	4	10.0115	12.2193	6.26845	11.7478	7	10.0115	52.8659	39.8949	4.89979	4	10.0115	
9.95449	6.30254	4.99999	4	10.0471	11.2167	5.75413	11.4508	7	10.0472	53.5996	39.8621	4.91194	4	10.0472	
9.96911	7.0524	4.99999	4	10.0786	10.0501	5.15568	11.0809	7	10.0787	54.0575	39.2761	4.92155	4	10.0787	
9.97883	7.80233	4.99999	4	10.1075	9.11182	4.67434	10.7609	7	10.1075	54.376	38.601	4.93043	4	10.1076	
9.98697	8.70229	4.99999	4	10.1403	8.20762	4.21049	10.4299	7	10.1404	54.6195	37.7367	4.93976	4	10.1404	
9.99115	9.45228	4.99999	4	10.1729	7.17224	3.67934	10.018	7	10.173	54.7465	36.9984	4.94649	4	10.173	
9.99394	10.2023	4.99999	4	10.2034	6.35479	3.25999	9.66236	7	10.2035	54.8295	36.2535	4.95234	4	10.2035	
9.99627	11.1023	4.99999	4	10.2341	5.5822	2.86366	9.29546	7	10.2341	54.8933	35.3561	4.95843	4	10.2342	
9.99747	11.8523	4.99999	4	10.265	4.71886	2.42076	8.84072	7	10.265	54.9292	34.6071	4.9631	4	10.265	
9.99827	12.6023	4.99999	4	10.296	4.05591	2.08067	8.4502	7	10.296	54.9524	33.8576	4.96715	4	10.296	
9.99893	13.5023	4.99999	4	10.3273	3.44683	1.76821	8.04984	7	10.3274	54.9703	32.9579	4.97135	4	10.3274	
9.99928	14.2523	4.99999	4	10.3639	2.7893	1.4309	7.55753	7	10.364	54.9802	32.2081	4.97457	4	10.364	
9.9995	15.0023	4.99999	4	10.3995	2.30332	1.1816	7.13846	7	10.3996	54.9867	31.4582	4.97736	4	10.3996	
9.99969	15.9023	4.99999	4	10.4354	1.87342	0.961062	6.71248	7	10.4355	54.9917	30.5582	4.98026	4	10.4355	
9.99979	16.6523	4.99999	4	10.4708	1.42976	0.733464	6.19367	7	10.4709	54.9945	29.8083	4.98248	4	10.4709	
9.99986	17.4023	4.99999	4	10.4992	1.11763	0.573342	5.75618	7	10.4993	54.9963	29.0583	4.9844	4	10.4993	
9.99991	18.3023	4.99999	4	10.5333	0.85463	0.438423	5.31503	7	10.5333	54.9977	28.1583	4.9864	4	10.5333	
9.99994	19.0523	4.99999	4	10.5681	0.598677	0.30712	4.78201	7	10.5681	54.9985	27.4084	4.98793	4	10.5681	
9.99996	19.8023	4.99999	4	10.603	0.430206	0.220694	4.33562	7	10.603	54.999	26.6584	4.98925	4	10.603	
9.99997	20.7023	4.99999	4	10.6386	0.297729	0.152734	3.88786	7	10.6386	54.9994	25.7584	4.99063	4	10.6386	
9.99998	21.4522	4.99999	4	10.6746	0.179793	0.0922333	3.34934	7	10.6747	54.9996	25.0084	4.99168	4	10.6747	
9.99999	22.2022	4.99999	4	10.7102	0.110307	0.0565871	2.89995	7	10.7102	54.9997	24.2584	4.99259	4	10.7102	
9.99999	23.1022	4.99999	4	10.7459	0.0621872	0.0319019	2.45025	7	10.746	54.9998	23.3584	4.99354	4	10.746	
10	23.8522	4.99999	4	10.7823	0.0265631	0.0136268	1.91039	7	10.7823	54.9999	22.6084	4.99427	4	10.7823	
10	24.6022	4.99999	4	10.8155	0.0105328	0.00540329	1.46042	7	10.8156	54.9999	21.8584	4.9949	4	10.8156	
10	25.5022	4.99999	4	10.8475	0.00291297	0.00149434	1.01043	7	10.8475	55	20.9584	4.99555	4	10.8476	
10	26.2522	4.99999	4	10.8765	0.000181047	9.28765e-05	0.470429	7	10.8766	55	20.2084	4.99605	4	10.8766	
10	27.0022	4.99999	4	10.9068	2.04592e-08	1.04955e-08	0.0204292	7	10.9068	55	19.4584	4.99648	4	10.9068	
10	27.9022	4.99999	4	10.9377	0.0503069	0.0258073	-0.00433616	7	10.9378	55	18.5584	4.99693	4	10.9378	
10	28.6522	4.99999	4	10.9724	0.0506959	0.0260068	-6.95443e-09	7	10.9725	55	17.8084	4.99728	4	10.9725	
10	29.4022	4.99999	4	11.0028	0.0506959	0.0260068	-1.04677e-13	7	11.0028	55	17.0584	4.99758	4	11.0029	
10	30.1522	4.99999	4	11.0333	0.0506959	0.0260068	-1.57557e-18	7	11.0334	55	16.3084	4.99784	4	11.0334	
10	31.0522	4.99999	4	11.0639	0.0506959	0.0260068	-2.37152e-23	7	11.0639	55	15.4084	4.99812	4	11.0639	
10	31.8022	4.99999	4	11.0989	0.0506959	0.0260068	-3.87376e-29	7	11.099	55	14.6584	4.99833	4	11.099	
10	32.5522	4.99999	4	11.1345	0.0506959	0.0260068	-5.83071e-34	7	11.1346	55	13.9084	4.99851	4	11.1346	
10	33.4522	4.99999	4	11.168	0.0506959	0.0260068	-8.77626e-39	7	11.168	55	13.0084	4.99871	4	11.168	
10	34.2022	4.99999	4	11.2022	0.0506959	0.0260068	-1.4013e-44	7	11.2023	55	12.2584	4.99885	4	11.2023	
10	34.9523	4.99999	4	11.2375	0.0506959	0.0260068	0	7	11.2375	55	11.5084	4.99897	4	11.2375	
10	35.8523	4.99999	4	11.2725	0.0506959	0.0260068	0	7	11.2725	55	10.6084	4.99911	4	11.2725	
10	36.6023	4.99999	4	11.3114	0.0506959	0.0260068	0	7	11.3114	55	9.85844	4.99921	4	11.3114	
10	37.3523	4.99999	4	11.3294	0.0506959	0.0260068	0	7	11.3294	55	9.10844	4.99929	4	11.3294	
10	38.2523	4.99999	4	11.3429	0.0506959	0.0260068	0	7	11.3429	55	8.20844	4.99939	4	11.3429	
10	39.0023	4.99999	4	11.3719	0.0506959	0.0260068	0	7	11.3719	55	7.45844	4.99945	4	11.3719	
10.3542	39.5582	4.99999	4	11.4028	0.0506959	0.0260068	0	7	11.4028	55	6.70844	4.99951	4	11.4029	
11.2368	39.7312	4.99999	4	11.435	0.0506959	0.0260068	0	7	11.435	55	5.80844	4.99958	4	11.435	
11.9805	39.8272	4.99999	4	11.4638	0.0506959	0.0260068	0	7	11.4673	55	5.05844	4.99962	4	11.4673	
12.7282	39.885	4.99999	4	11.4946	0.0506959	0.0260068	0	7	11.4946	55	4.30844	4.99966	4	11.4946	
13.6124	39.8617	4.99999	4	11.5287	0.0506959	0.0260068	0	7	11.5287	55	3.40844	4.99971	4	11.5288	
14.0682	39.2732	4.99999	4	11.5592	0.0506959	0.0260068	0	7	11.5593	55	2.65844	4.99974	4	11.5593	
14.3844	38.5962	4.99999	4	11.5899	0.0506959	0.0260068	0	7	11.59	55	1.90844	4.99977	4	11.59	
14.6129	37.727	4.99999	4	11.6243	0.0506959	0.0260068	0	7	11.6244	55	1.00844	4.9998	4	11.6244	
14.7426	36.9888	4.99999	4	11.6589	0.0506959	0.0260068	0	7	11.6589	55.3524	0.450139	4.99983	4	11.6589	
14.8273	36.2438	4.99999	4	11.6943	0.0506959	0.0260068	0	7	11.6944	56.0861	0.297217	4.99985	4	11.6944	
14.8922	35.3463	4.99999	4	11.7298	0.0506959	0.0260068	0	7	11.7298	56.9778	0.176369	4.99987	4	11.7298	
14.9261	34.5971	4.99999	4	11.7447	0.0506959	0.0260068	0	7	11.7447	57.7254	0.117456	4.99989	4	11.7447	
14.9505	33.8475	4.99999	4	11.7823	0.0506959	0.0260068	0	7	11.7823	58.4743	0.0754246	4.9999	4	11.7823	
14.9691	32.9477	4.99999	4	11.8175	0.0506959	0.0260068	0	7	11.8175	59.0663	0.727623	4.99991	4	11.8175	
14.9788	32.1978	4.99999	4	11.8526	0.0506959	0.0260068	0	7	11.8527	59.3831	1.40426	4.99992	4	11.8527	
14.9858	31.4478	4.99999	4	11.8899	0.0506959	0.0260068	0	7	11.8899	59.5792	2.12704	4.99993	4	11.8899	
14.9904	30.6978	4.99999	4	11.9273	0.0506959	0.0260068	0	7	11.9274	59.7421	3.01149	4.99994	4	11.9274	
14.9939	29.7978	4.99999	4	11.9637	0.0506959	0.0260068	0	7	11.9637	59.827	3.75645	4.99995	4	11.9637	
14.9959	29.0478	4.99999	4	12	0.0506959	0.0260068	0	7	12	59.8828	4.50428	4.99995	4	12.0001	
14.9973	28.2978	4.99999	4	12.0363	0.0506959	0.0260068	0	7	12.0364	59.9198	5.25333	4.99996	4	12.0364	
14.9983	27.3978	4.99999	4	12.0722	0.0506959	0.0260068	0	7	12.0723	59.9504	6.15278	4.99996	4	12.0723	
14.9988	26.6478	4.99999	4	12.0941	0.0506959	0.0260068	0	7	12.0941	59.9664	6.9026	4.99997	4	12.0942	
14.9992	25.8978	4.99999	4	12.1268	0.0506959	0.0260068	0	7	12.1269	59.977	7.65253	4.99997	4	12.1269	
14.9995	24.9978	4.99999	4	12.1624	0.0506959	0.0260068	0	7	12.1624	59.9858	8.55248	4.99997	4	12.1625	
14.9997	24.2478	4.99999	4	12.1979	0.0506959	0.0260068	0	7	12.1979	59.9904	9.30247	4.99998	4	12.1979	
14.9998	23.4979	4.99999	4	12.2303	0.0506959	0.0260068	0	7	12.2304	59.9934	10.0525	4.99998	4	12.2304	
14.9999	22.5979	4.99999	4	12.2613	0.0506959	0.0260068	0	7	12.2614	59.9959	10.9525	4.99998	4	12.2614	
14.9999	21.8479	4.99999	4	12.2922	0.0506959	0.0260068	0	7	12.2922	59.9972	11.7025	4.99998	4	12.2922	
14.9999	21.0979	4.99999	4	12.3231	0.0506959	0.0260068	0	7	12.3232	59.9981	12.4525	4.99999	4	12.3232	
15	20.1979	4.99999	4	12.3577	0.0506959	0.0260068	0	7	12.3578	59.9988	13.3525	4.99999	4	12.3578	
15	19.4479	4.99999	4	12.3883	0.0506959	0.0260068	0	7	12.3883	59.9992	14.1025	4.99999	4	12.3883	
15	18.6979	4.99999	4	12.419	0.0506959	0.0260068	0	7	12.419	59.9995	14.8524	4.99999	4	12.4191	
15	17.7979	4.99999	4	12.4506	0.0506959	0.0260068	0	7	12.4507	59.9997	15.7524	4.99999	4	12.4507	
15	17.0479	4.99999	4	12.4859	0.0506959	0.0260068	0	7	12.4859	59.9998	16.5024	4.99999	4	12.4859	
15	16.2979	4.99999	4	12.5211	0.0506959	0.0260068	0	7	12.5211	59.9999	17.2524	4.99999	4	12.5211	
15	15.5479	4.99999	4	12.5592	0.0506959	0.0260068	0	7	12.5593	59.9999	18.1524	4.99999	4	12.5593	
15.2191	14.8184	4.85622	6	12.5918	0.0506959	0.0260068	0	7	12.5918	59.9999	18.9024	4.99999	4	12.5918	
15.3966	14.2277	4.72824	6	12.6292	0.0506959	0.0260068	0	7	12.6293	60	19.6524	4.99999	4	12.6293	
15.5683	13.6562	4.59197	6	12.6653	0.0506959	0.0260068	0	7	12.6653	60	20.5524	4.99999	4	12.6653	
15.7649	13.0018	4.41632	6	12.7013	0.0506959	0.0260068	0	7	12.7013	60	21.3024	4.99999	4	12.7013	
15.919	12.4887	4.2589	6	12.7389	0.0506959	0.0260068	0	7	12.7389	60	22.0524	4.99999	4	12.7389	
16.0623	12.0117	4.09074	6	12.7768	0.0506959	0.0260068	0	7	12.7768	60	22.8024	4.99999	4	12.7768	
16.217	11.4967	3.87438	6	12.8127	0.0506959	0.0260068	0	7	12.8127	60	23.7024	4.99999	4	12.8127	
16.3292	11.1233	3.68226	6	12.8456	0.0506959	0.0260068	0	7	12.8456	60	24.4524	4.99999	4	12.8456	
16.4244	10.8066	3.48039	6	12.8756	0.0506959	0.0260068	0	7	12.8756	60	25.2024	4.99999	4	12.8756	
16.5149	10.5052	3.22757	6	12.9063	0.0506959	0.0260068	0	7	12.9064	60	26.1024	4.99999	4	12.9064	
16.5711	10.3181	3.0104	6	12.9402	0.0506959	0.0260068	0	7	12.9407	60	26.8524	4.99999	4	12.9408	
16.6114	10.1839	2.7894	6	12.9715	0.0506959	0.0260068	0	7	12.9715	60	27.6024	4.99999	4	12.9715	
16.6422	10.0814	2.52137	6	13.0023	0.0506959	0.0260068	0	7	13.0024	60	28.5024	4.99999	4	13.0024	
16.6565	10.0337	2.29688	6	13.0333	0.0506959	0.0260068	0	7	13.0333	60	29.2524	4.99999	4	13.0333	
16.6636	10.0101	2.07201	6	13.0638	0.0506959	0.0260068	0	7	13.0639	60	30.0024	4.99999	4	13.0639	
16.6664	10.0008	1.80202	6	13.0952	0.0506959	0.0260068	0	7	13.0952	60	30.9024	4.99999	4	13.0952	
16.6667	10	1.62202	6	13.1275	0.0506959	0.0260068	0	7	13.1275	60	31.6524	4.99999	4	13.1275	
16.4311	10.5089	1.77141	4	13.1661	0.0506959	0.0260068	0	7	13.1661	60	32.4024	4.99999	4	13.1662	
16.1645	11.0847	1.96279	4	13.2017	0.0506959	0.0260068	0	7	13.2017	60	33.3024	4.99999	4	13.2017	
15.9584	11.5299	2.13292	4	13.2376	0.0506959	0.0260068	0	7	13.2376	60	34.0524	4.99999	4	13.2376	
15.7695	11.9379	2.31295	4	13.2735	0.0506959	0.0260068	0	7	13.2735	60	34.8024	4.99999	4	13.2735	
15.5689	12.3711	2.54173	4	13.3094	0.0506959	0.0260068	0	7	13.3095	60	35.7024	4.99999	4	13.3095	
15.426	12.6798	2.74218	4	13.3456	0.0506959	0.0260068	0	7	13.3457	60	36.4524	4.99999	4	13.3457	
15.3063	12.9384	2.95025	4	13.3823	0.0506959	0.0260068	0	7	13.3824	60	37.2025	4.99999	4	13.3824	
15.2099	13.1465	3.16442	4	13.4123	0.0506959	0.0260068	0	7	13.4123	60	38.1025	4.99999	4	13.4123	
15.1234	13.3334	3.42717	4	13.4479	0.0506959	0.0260068	0	7	13.4479	60	38.8525	4.99999	4	13.4479	
15.0792	13.0199	3.61725	4	13.4835	0.0506959	0.0260068	0	7	13.4835	60.2142	39.5044	4.99999	4	13.4835	
15.052	12.5013	3.77714	4	13.5211	0.0506959	0.0260068	0	7	13.5211	61.0885	39.7086	4.99999	4	13.5212	
15.0319	11.7867	3.93939	4	13.5585	0.0506959	0.0260068	0	7	13.5585	61.8315	39.8103	4.99999	4	13.5585	
15.0211	11.1559	4.05949	4	13.5885	0.0506959	0.0260068	0	7	13.5886	62.5786	39.8753	4.99999	4	13.5886	
15.0142	10.4905	4.16213	4	13.6194	0.0506959	0.0260068	0	7	13.6195	63.4771	39.9262	4.99999	4	13.6195	
15.0087	9.67321	4.27405	4	13.649	0.0506959	0.0260068	0	7	13.6491	63.9953	39.4042	4.99999	4	13.6491	
15.0059	8.97199	4.35301	4	13.6768	0.0506959	0.0260068	0	7	13.6768	64.3358	38.7381	4.99999	4	13.6768	
15.0039	8.26404	4.42652	4	13.7077	0.0506959	0.0260068	0	7	13.7077	64.5801	37.8733	4.99999	4	13.7078	
15.0024	7.39973	4.50112	4	13.7384	0.0506959	0.0260068	0	7	13.7425	64.7213	37.1373	4.99999	4	13.7425	
15.0016	6.67137	4.55425	4	13.7729	0.0506959	0.0260068	0	7	13.7729	64.8133	36.3932	4.99999	4	13.7729	
15.0011	5.94037	4.60409	4	13.8042	0.0506959	0.0260068	0	7	13.8043	64.883	35.496	4.99999	4	13.8043	
15.0007	5.05677	4.65495	4	13.8355	0.0506959	0.0260068	0	7	13.8356	64.92	34.7469	4.99999	4	13.8356	
15.0005	4.31684	4.69134	4	13.8705	0.0506959	0.0260068	0	7	13.8706	64.9465	33.9974	4.99999	4	13.8706	
15.0003	3.57575	4.72559	4	13.9065	0.0506959	0.0260068	0	7	13.9066	64.9638	33.2477	4.99999	4	13.9066	
15.0002	2.68349	4.76063	4	13.9425	0.0506959	0.0260068	0	7	13.9425	64.9771	32.3478	4.99999	4	13.9425	
15.0001	1.93908	4.78779	4	13.9785	0.0506959	0.0260068	0	7	13.9786	64.9847	31.5978	4.99999	4	13.9786	
15.0001	1.19325	4.81124	4	14.0146	0.0506959	0.0260068	0	7	14.0147	64.9896	30.8478	4.99999	4	14.0147	
15.2048	0.539907	4.84003	4	14.0505	0.0506959	0.0260068	0	7	14.0505	64.9934	29.9478	4.99999	4	14.0505	
16.0701	0.312941	4.86346	4	14.0867	0.0506959	0.0260068	0	7	14.0868	64.9956	29.1978	4.99999	4	14.0868	
16.8102	0.205049	4.87928	4	14.1225	0.0506959	0.0260068	0	7	14.1226	64.997	28.4478	4.99999	4	14.1226	
17.5551	0.132388	4.8937	4	14.1353	0.0506959	0.0260068	0	7	14.1353	64.9981	27.5478	4.99999	4	14.1353	
18.4521	0.0789792	4.90854	4	14.1669	0.0506959	0.0260068	0	7	14.1669	64.9987	26.7978	4.99999	4	14.1669	
18.9747	0.595423	4.91888	4	14.2009	0.0506959	0.0260068	0	7	14.201	64.9991	26.0478	4.99999	4	14.201	
19.3203	1.25812	4.92804	4	14.2354	0.0506959	0.0260068	0	7	14.2354	64.9995	25.1478	4.99999	4	14.2355	
19.5832	2.11681	4.9376	4	14.2716	0.0506959	0.0260068	0	7	14.2716	64.9996	24.3978	4.99999	4	14.2716	
19.7227	2.85281	4.94458	4	14.3108	0.0506959	0.0260068	0	7	14.3108	64.9998	23.6478	4.99999	4	14.3108	
19.8138	3.59676	4.95066	4	14.3236	0.0506959	0.0260068	0	7	14.3236	64.9998	22.7478	4.99999	4	14.3236	
19.883	4.49373	4.95692	4	14.3589	0.0506959	0.0260068	0	7	14.3589	64.9999	21.9979	4.99999	4	14.3589	
19.9225	5.24248	4.96178	4	14.3943	0.0506959	0.0260068	0	7	14.3943	64.9999	21.2479	4.99999	4	14.3943	
19.948	5.99189	4.96599	4	14.4279	0.0506959	0.0260068	0	7	14.4279	65	20.3479	4.99999	4	14.4279	
19.9674	6.89156	4.97031	4	14.465	0.0506959	0.0260068	0	7	14.4651	65	19.5979	4.99999	4	14.4651	
19.9784	7.64139	4.97366	4	14.4986	0.0506959	0.0260068	0	7	14.4986	65	18.8479	4.99999	4	14.4986	
19.9855	8.39129	4.97656	4	14.5331	0.0506959	0.0260068	0	7	14.5331	65	17.9479	4.99999	4	14.5331	
19.9909	9.29122	4.97954	4	14.5677	0.0506959	0.0260068	0	7	14.5678	65	17.1979	4.99999	4	14.5678	
19.994	10.0412	4.98185	4	14.6012	0.0506959	0.0260068	0	7	14.6013	65	16.4479	4.99999	4	14.6013	
19.996	10.7911	4.98385	4	14.6315	0.0506959	0.0260068	0	7	14.6315	65	15.6979	4.99999	4	14.6316	
19.9975	11.6911	4.9859	4	14.6621	0.0506959	0.0260068	0	7	14.6621	65	14.7979	4.99999	4	14.6621	
19.9983	12.4411	4.98749	4	14.6916	0.0506959	0.0260068	0	7	14.6917	65	14.0479	4.99999	4	14.6917	
19.9989	13.1911	4.98887	4	14.7223	0.0506959	0.0260068	0	7	14.7223	65	13.2979	4.99999	4	14.7224	
19.9993	14.0911	4.99028	4	14.754	0.0506959	0.0260068	0	7	14.754	65	12.3979	4.99999	4	14.754	
19.9995	14.8411	4.99138	4	14.7888	0.0506959	0.0260068	0	7	14.7889	65	11.6479	4.99999	4	14.7889	
19.9997	15.591	4.99233	4	14.8265	0.0506959	0.0260068	0	7	14.8266	65	10.8979	4.99999	4	14.8266	
19.9998	16.491	4.9933	4	14.8607	0.0506959	0.0260068	0	7	14.8607	65	9.99788	4.99999	4	14.8607	
19.9999	17.241	4.99406	4	14.8964	0.0506959	0.0260068	0	7	14.8964	65	9.24788	4.99999	4	14.8964	
19.9999	17.991	4.99471	4	14.9287	0.0506959	0.0260068	0	7	14.9288	65	8.49788	4.99999	4	14.9288	
19.9999	18.891	4.99538	4	14.9654	0.0506959	0.0260068	0	7	14.9654	65	7.59789	4.99999	4	14.9655	
20	19.641	4.99591	4	15.0015	0.0506959	0.0260068	0	7	15.0015	65	6.84789	4.99999	4	15.0015	
20	20.391	4.99636	4	15.0373	0.0506959	0.0260068	0	7	15.0373	65	6.09788	4.99999	4	15.0373	
20	21.291	4.99682	4	15.0553	0.0506959	0.0260068	0	7	15.0553	65	5.19788	4.99999	4	15.0554	
20	22.041	4.99718	4	15.0903	0.0506959	0.0260068	0	7	15.0903	65	4.44788	4.99999	4	15.0904	
20	22.791	4.99749	4	15.1254	0.0506959	0.0260068	0	7	15.1254	65	3.69788	4.99999	4	15.1255	
20	23.541	4.99776	4	15.1614	0.0506959	0.0260068	0	7	15.1615	65	2.79788	4.99999	4	15.1615	
20	24.441	4.99806	4	15.1967	0.0506959	0.0260068	0	7	15.1967	65	2.04788	4.99999	4	15.1967	
20	25.191	4.99827	4	15.2323	0.0506959	0.0260068	0	7	15.2323	65	1.29788	4.99999	4	15.2323	
20	25.941	4.99846	4	15.2685	0.0506959	0.0260068	0	7	15.2685	65.2142	0.495899	4.99999	4	15.2685	
20	26.841	4.99866	4	15.3052	0.0506959	0.0260068	0	7	15.3053	65.9401	0.314174	4.99999	4	15.3053	
20	27.591	4.99881	4	15.337	0.0506959	0.0260068	0	7	15.337	66.6823	0.206754	4.99999	4	15.337	
20	28.341	4.99894	4	15.3666	0.0506959	0.0260068	0	7	15.3666	67.5784	0.124757	4.99999	4	15.3666	
20	29.241	4.99908	4	15.4013	0.0506959	0.0260068	0	7	15.4013	68.3271	0.0810792	4.99999	4	15.4013	
20	29.991	4.99918	4	15.432	0.0506959	0.0260068	0	7	15.432	68.9222	0.464726	4.99999	4	15.432	
20	30.741	4.99927	4	15.4631	0.0506959	0.0260068	0	7	15.4632	69.3357	1.26186	4.99999	4	15.4632	
20	31.641	4.99936	4	15.4946	0.0506959	0.0260068	0	7	15.4946	69.5473	1.98029	4.99999	4	15.4946	
20	32.391	4.99943	4	15.5239	0.0506959	0.0260068	0	7	15.524	69.6999	2.71423	4.99999	4	15.524	
20	33.141	4.99949	4	15.5542	0.0506959	0.0260068	0	7	15.5543	69.8133	3.6068	4.99999	4	15.5543	
20	34.041	4.99956	4	15.5868	0.0506959	0.0260068	0	7	15.5868	69.8737	4.35427	4.99999	4	15.5869	
20	34.791	4.99961	4	15.622	0.0506959	0.0260068	0	7	15.6221	69.9138	5.10316	4.99999	4	15.6221	
20	35.541	4.99965	4	15.6577	0.0506959	0.0260068	0	7	15.6578	69.9465	6.00255	4.99999	4	15.6578	
20	36.441	4.9997	4	15.694	0.0506959	0.0260068	0	7	15.6941	69.9638	6.75234	4.99999	4	15.6941	
20	37.1911	4.99973	4	15.7298	0.0506959	0.0260068	0	7	15.7298	69.9753	7.50225	4.99999	4	15.7298	
20	37.9411	4.99976	4	15.7651	0.0506959	0.0260068	0	7	15.7651	69.9835	8.25221	4.99999	4	15.7652	
20	38.8411	4.99979	4	15.801	0.0506959	0.0260068	0	7	15.801	69.9896	9.15218	4.99999	4	15.801	
20.2127	39.4947	4.99982	4	15.8366	0.0506959	0.0260068	0	7	15.8367	69.9929	9.90218	4.99999	4	15.8367	
20.9378	39.6795	4.99985	4	15.8723	0.0506959	0.0260068	0	7	15.8724	69.9953	10.6522	4.99999	4	15.8724	
21.8287	39.8062	4.99987	4	15.8952	0.0506959	0.0260068	0	7	15.8952	69.997	11.5522	4.99999	4	15.8953	
22.5757	39.8725	4.99988	4	15.9302	0.0506959	0.0260068	0	7	15.9302	69.998	12.3022	4.99999	4	15.9302	
23.3243	39.9171	4.9999	4	15.9651	0.0506959	0.0260068	0	7	15.9651	69.9986	13.0522	4.99999	4	15.9651	
23.9931	39.4033	4.99991	4	16.0003	0.0506959	0.0260068	0	7	16.0004	69.9991	13.9522	4.99999	4	16.0004	
24.3343	38.7376	4.99992	4	16.0349	0.0506959	0.0260068	0	7	16.0349	69.9994	14.7022	4.99999	4	16.035	
24.5463	38.0193	4.99993	4	16.0708	0.0506959	0.0260068	0	7	16.0708	69.9996	15.4522	4.99999	4	16.0708	
24.7207	37.137	4.99994	4	16.1067	0.0506959	0.0260068	0	7	16.1068	69.9998	16.3522	4.99999	4	16.1068	
24.8129	36.3929	4.99995	4	16.1388	0.0506959	0.0260068	0	7	16.1389	69.9998	17.1022	4.99999	4	16.1389	
24.8735	35.6454	4.99995	4	16.1695	0.0506959	0.0260068	0	7	16.1696	69.9999	17.8522	4.99999	4	16.1696	
24.9198	34.7467	4.99996	4	16.2001	0.0506959	0.0260068	0	7	16.2002	69.9999	18.7522	4.99999	4	16.2002	
24.9464	33.9972	4.99996	4	16.2301	0.0506959	0.0260068	0	7	16.2302	70	19.5022	4.99999	4	16.2302	
24.9638	33.2474	4.99997	4	16.2608	0.0506959	0.0260068	0	7	16.2609	70	20.2522	4.99999	4	16.2609	
24.9753	32.4975	4.99997	4	16.2914	0.0506959	0.0260068	0	7	16.2914	70	21.0021	4.99999	4	16.2914	
24.9846	31.5975	4.99997	4	16.3223	0.0506959	0.0260068	0	7	16.3223	70	21.9021	4.99999	4	16.3223	
24.9896	30.8475	4.99998	4	16.357	0.0506959	0.0260068	0	7	16.3571	70	22.6521	4.99999	4	16.3571	
24.9929	30.0975	4.99998	4	16.3941	0.0506959	0.0260068	0	7	16.3941	70	23.4021	4.99999	4	16.3941	
24.9956	29.1975	4.99998	4	16.4297	0.0506959	0.0260068	0	7	16.4298	70	24.3021	4.99999	4	16.4298	
24.997	28.4475	4.99998	4	16.4673	0.0506959	0.0260068	0	7	16.4674	70	25.0521	4.99999	4	16.4674	
24.998	27.6975	4.99999	4	16.5046	0.0506959	0.0260068	0	7	16.5047	70	25.8021	4.99999	4	16.5047	
24.9987	26.7975	4.99999	4	16.541	0.0506959	0.0260068	0	7	16.541	70	26.7021	4.99999	4	16.541	
24.9992	26.0476	4.99999	4	16.5768	0.0506959	0.0260068	0	7	16.5768	70	27.4521	4.99999	4	16.5768	
24.9994	25.2976	4.99999	4	16.6133	0.0506959	0.0260068	0	7	16.6133	70	28.2021	4.99999	4	16.6133	
24.9996	24.3976	4.99999	4	16.6481	0.0506959	0.0260068	0	7	16.6481	70	29.1021	4.99999	4	16.6481	
24.9998	23.6476	4.99999	4	16.6833	0.0506959	0.0260068	0	7	16.6833	70	29.8521	4.99999	4	16.6833	
24.9998	22.8976	4.99999	4	16.7158	0.0506959	0.0260068	0	7	16.7158	70	30.6021	4.99999	4	16.7158	
24.9999	21.9976	4.99999	4	16.7489	0.0506959	0.0260068	0	7	16.7489	70	31.5021	4.99999	4	16.7489	
24.9999	21.2476	4.99999	4	16.7797	0.0506959	0.0260068	0	7	16.7797	70	32.2521	4.99999	4	16.7797	
25	20.4976	4.99999	4	16.8101	0.0506959	0.0260068	0	7	16.8102	70	33.0021	4.99999	4	16.8102	
25	19.5976	4.99999	4	16.841	0.0506959	0.0260068	0	7	16.841	70	33.9021	4.99999	4	16.8411	
25	18.8476	4.99999	4	16.8716	0.0506959	0.0260068	0	7	16.8716	70	34.6521	4.99999	4	16.8716	
25	18.0976	4.99999	4	16.9025	0.0506959	0.0260068	0	7	16.9025	70	35.4022	4.99999	4	16.9025	
25	17.1976	4.99999	4	16.9353	0.0506959	0.0260068	0	7	16.9353	70	36.1522	4.99999	4	16.9353	
25	16.4476	4.99999	4	16.9576	0.0506959	0.0260068	0	7	16.9576	70	37.0522	4.99999	4	16.9576	
25	15.6976	4.99999	4	16.9941	0.0506959	0.0260068	0	7	16.9941	70	37.8022	4.99999	4	16.9941	
25	14.7976	4.99999	4	17.0294	0.0506959	0.0260068	0	7	17.0294	70	38.5522	4.99999	4	17.0294	
25	14.0476	4.99999	4	17.0593	0.0506959	0.0260068	0	7	17.0594	70.0873	39.4241	4.99999	4	17.0594	
25	13.2976	4.99999	4	17.0899	0.0506959	0.0260068	0	7	17.0899	70.7931	39.6563	4.99999	4	17.0899	
25	12.3976	4.99999	4	17.1199	0.0506959	0.0260068	0	7	17.12	71.5333	39.7763	4.99999	4	17.12	
25	11.6476	4.99999	4	17.1446	0.0506959	0.0260068	0	7	17.1447	72.4288	39.8655	4.99999	4	17.1447	
25	10.8976	4.99999	4	17.1812	0.0506959	0.0260068	0	7	17.1812	73.1774	39.9117	4.99999	4	17.1813	
25	9.99759	4.99999	4	17.2156	0.0506959	0.0260068	0	7	17.2157	73.819	39.6441	4.99999	4	17.2157	
25	9.24759	4.99999	4	17.2468	0.0506959	0.0260068	0	7	17.2469	74.2871	38.88	4.99999	4	17.2469	
25	8.49759	4.99999	4	17.2777	0.0506959	0.0260068	0	7	17.2778	74.5145	38.1661	4.99999	4	17.2778	
25	7.7476	4.99999	4	17.3085	0.0506959	0.0260068	0	7	17.3086	74.6785	37.4342	4.99999	4	17.3086	
25	6.8476	4.99999	4	17.34	0.0506959	0.0260068	0	7	17.3401	74.7993	36.5425	4.99999	4	17.3401	
25	6.09759	4.99999	4	17.3705	0.0506959	0.0260068	0	7	17.3706	74.8645	35.7954	4.99999	4	17.3706	
25	5.34759	4.99999	4	17.4014	0.0506959	0.0260068	0	7	17.4014	74.9076	35.0467	4.99999	4	17.4014	
25	4.44759	4.99999	4	17.4327	0.0506959	0.0260068	0	7	17.4327	74.9425	34.1474	4.99999	4	17.4327	
25	3.69759	4.99999	4	17.4674	0.0506959	0.0260068	0	7	17.4674	74.9612	33.3976	4.99999	4	17.4674	
25	2.94759	4.99999	4	17.5028	0.0506959	0.0260068	0	7	17.5028	74.9735	32.6478	4.99999	4	17.5028	
25	2.04759	4.99999	4	17.5381	0.0506959	0.0260068	0	7	17.5382	74.9835	31.7478	4.99999	4	17.5382	
25	1.29759	4.99999	4	17.5715	0.0506959	0.0260068	0	7	17.5715	74.9889	30.9978	4.99999	4	17.5715	
25.0874	0.575675	4.99999	4	17.6077	0.0506959	0.0260068	0	7	17.6078	74.9924	30.2478	4.99999	4	17.6078	
25.9402	0.314004	4.99999	4	17.6442	0.0506959	0.0260068	0	7	17.6442	74.9953	29.3478	4.99999	4	17.6442	
26.6824	0.206637	4.99999	4	17.6799	0.0506959	0.0260068	0	7	17.6799	74.9968	28.5978	4.99999	4	17.6799	
27.4289	0.134396	4.99999	4	17.7134	0.0506959	0.0260068	0	7	17.7134	74.9978	27.8478	4.99999	4	17.7134	
28.3272	0.0810289	4.99999	4	17.7501	0.0506959	0.0260068	0	7	17.7502	74.9986	27.0978	4.99999	4	17.7502	
28.9223	0.464701	4.99999	4	17.7868	0.0506959	0.0260068	0	7	17.7868	74.9991	26.1979	4.99999	4	17.7868	
29.2872	1.11995	4.99999	4	17.8226	0.0506959	0.0260068	0	7	17.8227	74.9994	25.4479	4.99999	4	17.8227	
29.5473	1.98028	4.99999	4	17.8592	0.0506959	0.0260068	0	7	17.8592	74.9996	24.6979	4.99999	4	17.8592	
29.6999	2.71423	4.99999	4	17.8898	0.0506959	0.0260068	0	7	17.8899	74.9997	23.7979	4.99999	4	17.8899	
29.7993	3.45746	4.99999	4	17.9204	0.0506959	0.0260068	0	7	17.9204	74.9998	23.0479	4.99999	4	17.9204	
29.8738	4.35427	4.99999	4	17.9513	0.0506959	0.0260068	0	7	17.9514	74.9999	22.2979	4.99999	4	17.9514	
29.9138	5.10317	4.99999	4	17.9821	0.0506959	0.0260068	0	7	17.9822	74.9999	21.5479	4.99999	4	17.9822	
29.9425	5.85261	4.99999	4	18.0129	0.0506959	0.0260068	0	7	18.013	75	20.6479	4.99999	4	18.013	
29.9638	6.75234	4.99999	4	18.047	0.0506959	0.0260068	0	7	18.0471	75	19.8979	4.99999	4	18.0471	
29.9753	7.50225	4.99999	4	18.0777	0.0506959	0.0260068	0	7	18.0778	75	19.1479	4.99999	4	18.0778	
29.9835	8.25221	4.99999	4	18.1138	0.0506959	0.0260068	0	7	18.1138	75	18.2479	4.99999	4	18.1138	
29.9896	9.15219	4.99999	4	18.1499	0.0506959	0.0260068	0	7	18.1499	75	17.4979	4.99999	4	18.1499	
29.9929	9.90218	4.99999	4	18.1856	0.0506959	0.0260068	0	7	18.1856	75	16.7479	4.99999	4	18.1856	
29.9953	10.6522	4.99999	4	18.2217	0.0506959	0.0260068	0	7	18.2218	75	15.8479	4.99999	4	18.2218	
29.9968	11.4022	4.99999	4	18.2574	0.0506959	0.0260068	0	7	18.2574	75	15.0979	4.99999	4	18.2574	
29.998	12.3022	4.99999	4	18.293	0.0506959	0.0260068	0	7	18.2931	75	14.3479	4.99999	4	18.2931	
29.9987	13.0522	4.99999	4	18.3287	0.0506959	0.0260068	0	7	18.3288	75	13.4479	4.99999	4	18.3288	
29.9991	13.8022	4.99999	4	18.3414	0.0506959	0.0260068	0	7	18.3414	75	12.6979	4.99999	4	18.3414	
29.9994	14.7022	4.99999	4	18.378	0.0506959	0.0260068	0	7	18.3781	75	11.9479	4.99999	4	18.3781	
29.9996	15.4522	4.99999	4	18.3909	0.0506959	0.0260068	0	7	18.3909	75	11.0479	4.99999	4	18.391	
29.9997	16.2022	4.99999	4	18.4157	0.0506959	0.0260068	0	7	18.4157	75	10.2979	4.99999	4	18.4157	
29.9998	17.1022	4.99999	4	18.4283	0.0506959	0.0260068	0	7	18.4284	75	9.54789	4.99999	4	18.4284	
29.9999	17.8522	4.99999	4	18.4408	0.0506959	0.0260068	0	7	18.4408	75	8.6479	4.99999	4	18.4408	
29.9999	18.6022	4.99999	4	18.4569	0.0506959	0.0260068	0	7	18.457	75	7.8979	4.99999	4	18.457	
30	19.5022	4.99999	4	18.4794	0.0506959	0.0260068	0	7	18.4795	75	7.1479	4.99999	4	18.4795	
30	20.2522	4.99999	4	18.4922	0.0506959	0.0260068	0	7	18.4923	75	6.2479	4.99999	4	18.4923	
30	21.0022	4.99999	4	18.5046	0.0506959	0.0260068	0	7	18.5046	75	5.4979	4.99999	4	18.5046	
30	21.9021	4.99999	4	18.5255	0.0506959	0.0260068	0	7	18.5256	75	4.7479	4.99999	4	18.5256	
30	22.6521	4.99999	4	18.5416	0.0506959	0.0260068	0	7	18.5416	75	3.84789	4.99999	4	18.5416	
30	23.4021	4.99999	4	18.5541	0.0506959	0.0260068	0	7	18.5541	75	3.09789	4.99999	4	18.5541	
30	24.3021	4.99999	4	18.5672	0.0506959	0.0260068	0	7	18.5672	75	2.34789	4.99999	4	18.5672	
30	25.0521	4.99999	4	18.5919	0.0506959	0.0260068	0	7	18.5919	75	1.44789	4.99999	4	18.5919	
30	25.8021	4.99999	4	18.6239	0.0506959	0.0260068	0	7	18.624	75	0.697894	4.99999	4	18.624	
30	26.7021	4.99999	4	18.6546	0.0506959	0.0260068	0	7	18.6546	75.646	0.373416	5	4	18.6546	
30	27.4521	4.99999	4	18.685	0.0506959	0.0260068	0	7	18.685	76.5333	0.223712	5	4	18.6851	
30	28.2021	4.99999	4	18.7157	0.0506959	0.0260068	0	7	18.7158	77.2793	0.14727	5	4	18.7158	
30	29.1021	4.99999	4	18.7465	0.0506959	0.0260068	0	7	18.7466	78.0275	0.0956043	5	4	18.7466	
30	29.8521	4.99999	4	18.7813	0.0506959	0.0260068	0	7	18.7813	78.8189	0.355944	5	4	18.7814	
30	30.6021	4.99999	4	18.8125	0.0506959	0.0260068	0	7	18.8125	79.2141	0.988917	5	4	18.8126	
30	31.5021	4.99999	4	18.8436	0.0506959	0.0260068	0	7	18.8437	79.4816	1.68755	5	4	18.8437	
30	32.2521	4.99999	4	18.8794	0.0506959	0.0260068	0	7	18.8795	79.6785	2.56576	5	4	18.8795	
30	33.0021	4.99999	4	18.9149	0.0506959	0.0260068	0	7	18.9149	79.7853	3.30811	5	4	18.915	
30	33.9021	4.99999	4	18.9503	0.0506959	0.0260068	0	7	18.9503	79.8553	4.05484	5	4	18.9503	
30	34.6521	4.99999	4	18.9852	0.0506959	0.0260068	0	7	18.9852	79.9076	4.95329	5	4	18.9852	
30	35.4022	4.99999	4	19.0213	0.0506959	0.0260068	0	7	19.0214	80.1444	5.5652	4.92985	6	19.0214	
30	36.3022	4.99999	4	19.0574	0.0506959	0.0260068	0	7	19.0574	80.5116	6.07582	4.8073	6	19.0575	
30	37.0522	4.99999	4	19.0933	0.0506959	0.0260068	0	7	19.0934	80.9385	6.66953	4.64996	6	19.0934	
30	37.8022	4.99999	4	19.1288	0.0506959	0.0260068	0	7	19.1289	81.2802	7.14469	4.50929	6	19.1289	
30	38.5522	4.99999	4	19.1646	0.0506959	0.0260068	0	7	19.1647	81.606	7.59784	4.35904	6	19.1647	
30.0874	39.4241	4.99999	4	19.2007	0.0506959	0.0260068	0	7	19.2007	81.9126	8.02414	4.19844	6	19.2007	
30.7931	39.6563	4.99999	4	19.2355	0.0506959	0.0260068	0	7	19.2355	82.2493	8.49242	3.99129	6	19.2355	
31.5333	39.7763	4.99999	4	19.2676	0.0506959	0.0260068	0	7	19.2676	82.4989	8.83951	3.8065	6	19.2676	
32.4288	39.8656	4.99999	4	19.3004	0.0506959	0.0260068	0	7	19.3004	82.7551	9.19591	3.57095	6	19.3005	
33.1774	39.9117	4.99999	4	19.3312	0.0506959	0.0260068	0	7	19.3312	82.9294	9.43831	3.36463	6	19.3313	
33.9222	39.5353	4.99999	4	19.3618	0.0506959	0.0260068	0	7	19.3619	83.0673	9.62999	3.15114	6	19.3619	
34.2871	38.88	4.99999	4	19.3909	0.0506959	0.0260068	0	7	19.3909	83.1871	9.79663	2.88835	6	19.3909	
34.5145	38.1661	4.99999	4	19.4254	0.0506959	0.0260068	0	7	19.4254	83.2536	9.88919	2.666	6	19.4254	
34.6999	37.2857	4.99999	4	19.4561	0.0506959	0.0260068	0	7	19.4562	83.2957	9.94764	2.44206	6	19.4562	
34.7993	36.5425	4.99999	4	19.4869	0.0506959	0.0260068	0	7	19.487	83.3221	9.98435	2.17242	6	19.487	
34.8645	35.7954	4.99999	4	19.5207	0.0506959	0.0260068	0	7	19.5208	83.3309	9.99655	1.94747	6	19.5208	
34.9076	35.0467	4.99999	4	19.5501	0.0506959	0.0260068	0	7	19.5502	83.3332	9.99981	1.72247	6	19.5502	
34.9425	34.1474	4.99999	4	19.5761	0.0506959	0.0260068	0	7	19.5762	83.1523	9.84793	1.68787	4	19.5762	
34.9612	33.3976	4.99999	4	19.6068	0.0506959	0.0260068	0	7	19.6068	82.6267	9.40642	1.86243	4	19.6068	
34.9735	32.6477	4.99999	4	19.6357	0.0506959	0.0260068	0	7	19.6357	82.2122	9.05828	2.01813	4	19.6357	
34.9835	31.7478	4.99999	4	19.6664	0.0506959	0.0260068	0	7	19.6664	81.8237	8.73195	2.18378	4	19.6664	
34.9889	30.9978	4.99999	4	19.7007	0.0506959	0.0260068	0	7	19.7008	81.3986	8.37479	2.39615	4	19.7008	
34.9924	30.2478	4.99999	4	19.7293	0.0506959	0.0260068	0	7	19.7293	81.0842	8.11072	2.58437	4	19.7293	
34.9953	29.3478	4.99999	4	19.7611	0.0506959	0.0260068	0	7	19.7611	80.8107	7.88103	2.78216	4	19.7611	
34.9968	28.5978	4.99999	4	19.7917	0.0506959	0.0260068	0	7	19.7918	80.5406	7.65412	3.03043	4	19.7918	
34.9978	27.8478	4.99999	4	19.8223	0.0506959	0.0260068	0	7	19.8224	80.3644	7.50613	3.24452	4	19.8224	
34.9986	26.9478	4.99999	4	19.8535	0.0506959	0.0260068	0	7	19.8536	80.2305	7.39361	3.46326	4	19.8536	
34.9991	26.1978	4.99999	4	19.8844	0.0506959	0.0260068	0	7	19.8844	80.1348	7.87826	3.68509	4	19.8844	
34.9994	25.4478	4.99999	4	19.915	0.0506959	0.0260068	0	7	19.9151	80.0882	8.42051	3.83806	4	19.9151	
34.9996	24.5478	4.99999	4	19.9468	0.0506959	0.0260068	0	7	19.9468	80.0587	9.029	3.96795	4	19.9468	
34.9997	23.7978	4.99999	4	19.9811	0.0506959	0.0260068	0	7	19.9811	80.0354	9.79167	4.10954	4	19.9812	
34.9998	23.0478	4.99999	4	20.0114	0.0506959	0.0260068	0	7	20.0114	80.0237	10.4654	4.20739	4	20.0115	
34.9999	22.1478	4.99999	4	20.0476	0.0506959	0.0260068	0	7	20.0477	80.0157	11.1504	4.29788	4	20.0477	
34.9999	21.3978	4.99999	4	20.0711	0.0506959	0.0260068	0	7	20.0711	80.0096	11.9946	4.39058	4	20.0711	
34.9999	20.6478	4.99999	4	20.0999	0.0506959	0.0260068	0	7	20.1	80.0065	12.7122	4.45546	4	20.1	
35	19.8978	4.99999	4	20.13	0.0506959	0.0260068	0	7	20.1301	80.0044	13.4338	4.51619	4	20.1301	
35	18.9978	4.99999	4	20.1608	0.0506959	0.0260068	0	7	20.1609	80.0027	14.3087	4.57891	4	20.1609	
35	18.2478	4.99999	4	20.192	0.0506959	0.0260068	0	7	20.192	80.0019	15.0439	4.62308	4	20.192	
35	17.4979	4.99999	4	20.2211	0.0506959	0.0260068	0	7	20.2212	80.0013	15.7807	4.66465	4	20.2212	
35	16.5979	4.99999	4	20.2544	0.0506959	0.0260068	0	7	20.2545	80.0008	16.6689	4.70775	4	20.2545	
35	15.8479	4.99999	4	20.2847	0.0506959	0.0260068	0	7	20.2848	80.0005	17.4107	4.74064	4	20.2848	
35	15.0979	4.99999	4	20.3149	0.0506959	0.0260068	0	7	20.315	80.0003	18.1546	4.76908	4	20.315	
35	14.1979	4.99999	4	20.3456	0.0506959	0.0260068	0	7	20.3457	80.0002	19.0491	4.79862	4	20.3457	
35	13.4479	4.99999	4	20.3757	0.0506959	0.0260068	0	7	20.3758	80.0001	19.7952	4.82121	4	20.3758	
35	12.6979	4.99999	4	20.406	0.0506959	0.0260068	0	7	20.4061	80.0001	20.5423	4.84076	4	20.4061	
35	11.7979	4.99999	4	20.4415	0.0506959	0.0260068	0	7	20.4415	80.0001	21.2901	4.85775	4	20.4415	
35	11.0479	4.99999	4	20.4777	0.0506959	0.0260068	0	7	20.4778	80	22.1879	4.87665	4	20.4778	
35	10.2979	4.99999	4	20.5037	0.0506959	0.0260068	0	7	20.5038	80	22.9365	4.89012	4	20.5038	
35	9.39787	4.99999	4	20.5421	0.0506959	0.0260068	0	7	20.5421	80	23.6855	4.90183	4	20.5422	
35	8.64787	4.99999	4	20.5764	0.0506959	0.0260068	0	7	20.5764	80	24.5844	4.91486	4	20.5765	
35	7.89787	4.99999	4	20.6106	0.0506959	0.0260068	0	7	20.6107	80.1449	25.2498	4.87583	6	20.6107	
35	6.99787	4.99999	4	20.6466	0.0506959	0.0260068	0	7	20.6466	80.5017	25.7814	4.7587	6	20.6466	
35	6.24787	4.99999	4	20.6811	0.0506959	0.0260068	0	7	20.6812	80.9181	26.4018	4.60823	6	20.6812	
35	5.49787	4.99999	4	20.7161	0.0506959	0.0260068	0	7	20.7161	81.2529	26.9005	4.47355	6	20.7161	
35	4.74787	4.99999	4	20.751	0.0506959	0.0260068	0	7	20.751	81.5738	27.3787	4.32944	6	20.751	
35	3.84787	4.99999	4	20.7859	0.0506959	0.0260068	0	7	20.7859	81.9361	27.9184	4.14281	6	20.7859	
35	3.09787	4.99999	4	20.8208	0.0506959	0.0260068	0	7	20.8208	82.2144	28.333	3.975	6	20.8208	
35	2.34787	4.99999	4	20.8579	0.0506959	0.0260068	0	7	20.8579	82.4666	28.7086	3.79562	6	20.8579	
35	1.44787	4.99999	4	20.8892	0.0506959	0.0260068	0	7	20.8893	82.7284	29.0987	3.56548	6	20.8893	
35	0.697871	4.99999	4	20.9195	0.0506959	0.0260068	0	7	20.9196	82.9085	29.3671	3.36254	6	20.9196	
35.6461	0.373398	4.99999	4	20.9498	0.0506959	0.0260068	0	7	20.9499	83.0522	29.5812	3.15134	6	20.9499	
36.5333	0.223699	4.99999	4	20.9801	0.0506959	0.0260068	0	7	20.9801	83.1782	29.7689	2.89011	6	20.9801	
37.2793	0.147261	4.99999	4	21.01	0.0506959	0.0260068	0	7	21.0101	83.2486	29.8737	2.66836	6	21.0101	
38.0275	0.0955977	4.99999	4	21.045	0.0506959	0.0260068	0	7	21.045	83.2932	29.9402	2.44468	6	21.045	
38.8189	0.355941	4.99999	4	21.0756	0.0506959	0.0260068	0	7	21.0757	83.3213	29.982	2.17512	6	21.0757	
39.2141	0.988917	4.99999	4	21.1069	0.0506959	0.0260068	0	7	21.107	83.3307	29.996	1.95018	6	21.107	
39.4817	1.68756	4.99999	4	21.1429	0.0506959	0.0260068	0	7	21.143	83.3332	29.9998	1.72519	6	21.143	
39.6785	2.56576	4.99999	4	21.1778	0.0506959	0.0260068	0	7	21.1778	83.1522	29.8479	1.69056	6	21.1778	
39.7853	3.30812	4.99999	4	21.2127	0.0506959	0.0260068	0	7	21.2128	82.6265	29.4062	1.86504	4	21.2128	
39.8553	4.05485	4.99999	4	21.2474	0.0506959	0.0260068	0	7	21.2475	82.2119	29.058	2.02068	4	21.2475	
39.9015	4.80342	4.99999	4	21.2826	0.0506959	0.0260068	0	7	21.2827	81.8232	28.7315	2.18628	4	21.2827	
39.9384	5.70266	4.99999	4	21.3202	0.0506959	0.0260068	0	7	21.3202	81.3979	28.3742	2.39861	4	21.3202	
39.9585	6.4524	4.99999	4	21.3547	0.0506959	0.0260068	0	7	21.3548	81.0834	28.1101	2.5868	4	21.3548	
39.9718	7.20228	4.99999	4	21.3877	0.0506959	0.0260068	0	7	21.3877	80.81	27.8804	2.78458	4	21.3877	
39.9824	8.10222	4.99999	4	21.4151	0.0506959	0.0260068	0	7	21.4152	80.5398	27.6534	3.03285	4	21.4152	
39.9881	8.8522	4.99999	4	21.4506	0.0506959	0.0260068	0	7	21.4506	80.3637	27.5055	3.24695	4	21.4506	
39.9919	9.60218	4.99999	4	21.4859	0.0506959	0.0260068	0	7	21.486	80.2299	27.3931	3.4657	4	21.486	
39.995	10.5022	4.99999	4	21.5198	0.0506959	0.0260068	0	7	21.5198	80.1344	27.8784	3.68741	4	21.5199	
39.9966	11.2522	4.99999	4	21.5555	0.0506959	0.0260068	0	7	21.5555	80.0878	28.421	3.84025	4	21.5556	
39.9977	12.0022	4.99999	4	21.5908	0.0506959	0.0260068	0	7	21.5908	80.0584	29.0298	3.97001	4	21.5908	
39.9986	12.9022	4.99999	4	21.6256	0.0506959	0.0260068	0	7	21.6257	80.0352	29.7928	4.11145	4	21.6257	
39.999	13.6522	4.99999	4	21.6486	0.0506959	0.0260068	0	7	21.6486	80.0236	30.4668	4.20919	4	21.6486	
39.9993	14.4022	4.99999	4	21.672	0.0506959	0.0260068	0	7	21.6721	80.016	31.1613	4.29335	4	21.6721	
39.9996	15.3022	4.99999	4	21.6845	0.0506959	0.0260068	0	7	21.6846	80.0098	32.0043	4.38702	4	21.6846	
39.9997	16.0522	4.99999	4	21.6975	0.0506959	0.0260068	0	7	21.6975	80.0067	32.7212	4.45253	4	21.6975	
39.9998	16.8022	4.99999	4	21.7325	0.0506959	0.0260068	0	7	21.7326	80.0045	33.4422	4.51382	4	21.7326	
39.9999	17.7022	4.99999	4	21.7654	0.0506959	0.0260068	0	7	21.7654	80.0028	34.3167	4.57708	4	21.7654	
39.9999	18.4522	4.99999	4	21.7897	0.0506959	0.0260068	0	7	21.7898	80.0019	35.0516	4.62159	4	21.7898	
39.9999	19.2022	4.99999	4	21.8258	0.0506959	0.0260068	0	7	21.8259	80.0013	35.7882	4.66348	4	21.8259	
40	20.1022	4.99999	4	21.8604	0.0506959	0.0260068	0	7	21.8604	80.0008	36.6763	4.70688	4	21.8604	
40	20.8522	4.99999	4	21.8955	0.0506959	0.0260068	0	7	21.8956	80.0005	37.418	4.73999	4	21.8956	
40	21.6022	4.99999	4	21.9309	0.0506959	0.0260068	0	7	21.9309	80.0003	38.1618	4.7686	4	21.9309	
40	22.5022	4.99999	4	21.9597	0.0506959	0.0260068	0	7	21.9597	80.0002	39.0562	4.79831	4	21.9597	
40	23.2521	4.99999	4	21.9963	0.0506959	0.0260068	0	7	21.9963	80.3575	39.5939	4.83252	4	21.9963	
40	24.0021	4.99999	4	22.0349	0.0506959	0.0260068	0	7	22.0349	81.0914	39.7322	4.85165	4	22.0349	
40	24.7521	4.99999	4	22.0717	0.0506959	0.0260068	0	7	22.0718	81.8332	39.8257	4.86907	4	22.0718	
40	25.6521	4.99999	4	22.1088	0.0506959	0.0260068	0	7	22.1088	82.7285	39.8943	4.88682	4	22.1088	
40	26.4021	4.99999	4	22.1464	0.0506959	0.0260068	0	7	22.1464	83.4761	39.9321	4.9005	4	22.1464	
40	27.1521	4.99999	4	22.1815	0.0506959	0.0260068	0	7	22.1816	83.9929	39.4099	4.91181	4	22.1816	
40	28.0521	4.99999	4	22.2107	0.0506959	0.0260068	0	7	22.2107	84.3816	38.6026	4.92349	4	22.2107	
40	28.8021	4.99999	4	22.2232	0.0506959	0.0260068	0	7	22.2233	84.5911	37.8843	4.93218	4	22.2233	
40	29.5521	4.99999	4	22.2586	0.0506959	0.0260068	0	7	22.2587	84.7279	37.1479	4.93977	4	22.2587	
40	30.4521	4.99999	4	22.289	0.0506959	0.0260068	0	7	22.2891	84.831	36.2544	4.94758	4	22.2891	
40	31.2021	4.99999	4	22.3268	0.0506959	0.0260068	0	7	22.3268	84.8852	35.5067	4.95318	4	22.3269	
40	31.9521	4.99999	4	22.3591	0.0506959	0.0260068	0	7	22.3592	84.9239	34.758	4.95846	4	22.3592	
40	32.8521	4.99999	4	22.3932	0.0506959	0.0260068	0	7	22.3933	84.9528	33.8586	4.96386	4	22.3933	
40	33.6021	4.99999	4	22.4073	0.0506959	0.0260068	0	7	22.4074	84.968	33.1089	4.96773	4	22.4074	
40	34.3521	4.99999	4	22.4385	0.0506959	0.0260068	0	7	22.4385	84.9788	32.3591	4.97137	4	22.4385	
40	35.2522	4.99999	4	22.4752	0.0506959	0.0260068	0	7	22.4753	84.9868	31.4592	4.97509	4	22.4753	
40	36.0022	4.99999	4	22.5111	0.0506959	0.0260068	0	7	22.5111	84.9911	30.7093	4.97776	4	22.5111	
40	36.7522	4.99999	4	22.548	0.0506959	0.0260068	0	7	22.548	84.9941	29.9593	4.98027	4	22.548	
40	37.6522	4.99999	4	22.5859	0.0506959	0.0260068	0	7	22.586	84.9963	29.0594	4.98283	4	22.586	
40	38.4022	4.99999	4	22.6147	0.0506959	0.0260068	0	7	22.6147	84.9975	28.3094	4.98467	4	22.6148	
40	39.1522	4.99999	4	22.6496	0.0506959	0.0260068	0	7	22.6496	84.9984	27.5594	4.9864	4	22.6496	
40.499	39.597	5	4	22.6807	0.0506959	0.0260068	0	7	22.6807	84.999	26.6594	4.98817	4	22.6807	
41.385	39.7537	5	4	22.7114	0.0506959	0.0260068	0	7	22.7114	84.9993	25.9094	4.98943	4	22.7114	
42.1299	39.84	5	4	22.7422	0.0506959	0.0260068	0	7	22.7422	84.9995	25.1595	4.99063	4	22.7422	
42.8778	39.8947	5	4	22.7733	0.0506959	0.0260068	0	7	22.7734	84.9997	24.2595	4.99185	4	22.7734	
43.7157	39.7528	5	4	22.8046	0.0506959	0.0260068	0	7	22.8046	84.9998	23.5095	4.99272	4	22.8046	
44.1412	39.1421	5	4	22.8402	0.0506959	0.0260068	0	7	22.8403	84.9999	22.7595	4.99354	4	22.8403	
44.433	38.4543	5	4	22.8759	0.0506959	0.0260068	0	7	22.8759	84.9999	21.8595	4.99438	4	22.876	
44.6457	37.5806	5	4	22.9115	0.0506959	0.0260068	0	7	22.9115	85	21.1095	4.99498	4	22.9115	
44.764	36.8403	5	4	22.9473	0.0506959	0.0260068	0	7	22.9474	85	20.3595	4.99555	4	22.9474	
44.8413	36.0945	5	4	22.9813	0.0506959	0.0260068	0	7	22.9813	85	19.6095	4.99604	4	22.9813	
44.9015	35.1966	5	4	23.0163	0.0506959	0.0260068	0	7	23.0164	85	18.7095	4.99654	4	23.0164	
44.9323	34.4472	5	4	23.055	0.0506959	0.0260068	0	7	23.055	85	17.9595	4.99693	4	23.055	
44.9545	33.6975	5	4	23.0912	0.0506959	0.0260068	0	7	23.0912	85	17.2095	4.99727	4	23.0912	
44.9718	32.7977	5	4	23.1279	0.0506959	0.0260068	0	7	23.1279	85	16.3095	4.99762	4	23.1279	
44.9806	32.0478	5	4	23.1654	0.0506959	0.0260068	0	7	23.1654	85	15.5595	4.99788	4	23.1654	
44.987	31.2978	5	4	23.2003	0.0506959	0.0260068	0	7	23.2003	85	14.8095	4.99812	4	23.2003	
44.9919	30.3978	5	4	23.2333	0.0506959	0.0260068	0	7	23.2334	85	13.9095	4.99836	4	23.2334	
44.9944	29.6478	5	4	23.264	0.0506959	0.0260068	0	7	23.2641	85	13.1595	4.99854	4	23.2641	
44.9963	28.8978	5	4	23.2949	0.0506959	0.0260068	0	7	23.295	85	12.4095	4.9987	4	23.295	
44.9977	27.9978	5	4	23.3261	0.0506959	0.0260068	0	7	23.3262	85	11.5095	4.99887	4	23.3262	
44.9984	27.2478	5	4	23.3571	0.0506959	0.0260068	0	7	23.3571	85	10.7595	4.99899	4	23.3572	
44.9989	26.4978	5	4	23.387	0.0506959	0.0260068	0	7	23.3871	85	10.0095	4.9991	4	23.3871	
44.9993	25.5978	5	4	23.4183	0.0506959	0.0260068	0	7	23.4183	85	9.10951	4.99922	4	23.4183	
44.9995	24.8478	5	4	23.4532	0.0506959	0.0260068	0	7	23.4532	85	8.35951	4.99931	4	23.4533	
44.9997	24.0978	5	4	23.483	0.0506959	0.0260068	0	7	23.4831	85	7.60951	4.99938	4	23.4831	
44.9998	23.1978	5	4	23.517	0.0506959	0.0260068	0	7	23.5171	85	6.70951	4.99946	4	23.5171	
44.9999	22.4478	5	4	23.5525	0.0506959	0.0260068	0	7	23.5525	85	5.95951	4.99952	4	23.5525	
44.9999	21.6978	5	4	23.588	0.0506959	0.0260068	0	7	23.5881	85	5.20951	4.99958	4	23.5881	
44.9999	20.7978	5	4	23.6235	0.0506959	0.0260068	0	7	23.6236	85	4.30951	4.99963	4	23.6236	
45	20.0478	5	4	23.6473	0.0506959	0.0260068	0	7	23.6473	85	3.55951	4.99967	4	23.6474	
45	19.2978	5	4	23.6844	0.0506959	0.0260068	0	7	23.6845	85	2.80951	4.99971	4	23.6845	
45	18.3978	5	4	23.7224	0.0506959	0.0260068	0	7	23.7225	85	1.90951	4.99974	4	23.7225	
45	17.6479	5	4	23.756	0.0506959	0.0260068	0	7	23.756	85	1.15951	4.99977	4	23.756	
45	16.8979	5	4	23.792	0.0506959	0.0260068	0	7	23.792	85.2126	0.505828	4.99981	4	23.792	
45	15.9979	5	4	23.8271	0.0506959	0.0260068	0	7	23.8271	86.0859	0.297794	4.99984	4	23.8271	
45	15.2479	5	4	23.8645	0.0506959	0.0260068	0	7	23.8646	86.8285	0.194024	4.99985	4	23.8646	
45	14.4979	5	4	23.8997	0.0506959	0.0260068	0	7	23.8997	87.5755	0.127629	4.99987	4	23.8997	
45	13.7479	5	4	23.9359	0.0506959	0.0260068	0	7	23.9359	88.474	0.075589	4.99989	4	23.9359	
45	12.8479	5	4	23.9711	0.0506959	0.0260068	0	7	23.9712	88.993	0.596743	4.9999	4	23.9712	
45	12.0979	5	4	24.0025	0.0506959	0.0260068	0	7	24.0026	89.3342	1.26245	4.99991	4	24.0027	
45	11.3479	5	4	24.0326	0.0506959	0.0260068	0	7	24.0326	89.5462	1.98073	4.99992	4	24.0326	
45	10.4479	5	4	24.0641	0.0506959	0.0260068	0	7	24.0642	89.7206	2.86306	4.99993	4	24.0642	
45	9.69787	5	4	24.0945	0.0506959	0.0260068	0	7	24.0945	89.8129	3.60714	4.99994	4	24.0945	
45	8.94787	5	4	24.1253	0.0506959	0.0260068	0	7	24.1253	89.8735	4.35459	4.99995	4	24.1254	
45	8.04787	5	4	24.1562	0.0506959	0.0260068	0	7	24.1562	89.9198	5.25335	4.99995	4	24.1563	
45	7.29787	5	4	24.1866	0.0506959	0.0260068	0	7	24.1867	89.9464	6.00286	4.99996	4	24.1867	
45	6.54787	5	4	24.2207	0.0506959	0.0260068	0	7	24.2208	89.9638	6.75266	4.99996	4	24.2208	
45	5.64787	5	4	24.2516	0.0506959	0.0260068	0	7	24.2516	89.9771	7.65255	4.99997	4	24.2516	
45	4.89787	5	4	24.2825	0.0506959	0.0260068	0	7	24.2826	89.9847	8.40251	4.99997	4	24.2826	
45	4.14787	5	4	24.3129	0.0506959	0.0260068	0	7	24.3129	89.9896	9.1525	4.99997	4	24.3129	
45	3.24787	5	4	24.3444	0.0506959	0.0260068	0	7	24.3445	89.9934	10.0525	4.99998	4	24.3445	
45	2.49787	5	4	24.3783	0.0506959	0.0260068	0	7	24.3784	89.9956	10.8025	4.99998	4	24.3784	
45	1.74787	5	4	24.4123	0.0506959	0.0260068	0	7	24.4123	89.997	11.5525	4.99998	4	24.4123	
45	0.847871	5	4	24.4471	0.0506959	0.0260068	0	7	24.4472	89.9981	12.4525	4.99998	4	24.4472	
45.499	0.403014	5	4	24.4848	0.0506959	0.0260068	0	7	24.4849	89.9987	13.2025	4.99999	4	24.4849	
46.2367	0.268932	5	4	24.5213	0.0506959	0.0260068	0	7	24.5213	89.9991	13.9525	4.99999	4	24.5213	
47.1299	0.160051	5	4	24.5578	0.0506959	0.0260068	0	7	24.5578	89.9995	14.8525	4.99999	4	24.5578	
47.8778	0.105316	5	4	24.588	0.0506959	0.0260068	0	7	24.5881	89.9996	15.6025	4.99999	4	24.5881	
48.6124	0.138372	5	4	24.6245	0.0506959	0.0260068	0	7	24.6246	89.9998	16.3525	4.99999	4	24.6246	
49.1412	0.85787	5	4	24.6602	0.0506959	0.0260068	0	7	24.6602	89.9998	17.2525	4.99999	4	24.6602	
49.433	1.54566	5	4	24.6835	0.0506959	0.0260068	0	7	24.6835	89.9999	18.0025	4.99999	4	24.6836	
49.6129	2.27303	5	4	24.7183	0.0506959	0.0260068	0	7	24.7183	89.9999	18.7525	4.99999	4	24.7183	
49.764	3.15965	5	4	24.7535	0.0506959	0.0260068	0	7	24.7535	90	19.6525	4.99999	4	24.7535	
49.8413	3.9055	5	4	24.7892	0.0506959	0.0260068	0	7	24.7892	90	20.4025	4.99999	4	24.7892	
49.8922	4.65371	5	4	24.8247	0.0506959	0.0260068	0	7	24.8247	90	21.1525	4.99999	4	24.8247	
49.9323	5.55279	5	4	24.8602	0.0506959	0.0260068	0	7	24.8603	90	22.0525	4.99999	4	24.8603	
49.9545	6.30245	5	4	24.8928	0.0506959	0.0260068	0	7	24.8928	90	22.8025	4.99999	4	24.8928	
49.9691	7.0523	5	4	24.9232	0.0506959	0.0260068	0	7	24.9233	90	23.5525	4.99999	4	24.9233	
49.9788	7.80224	5	4	24.954	0.0506959	0.0260068	0	7	24.954	90	24.4525	4.99999	4	24.9541	
49.987	8.7022	5	4	24.985	0.0506959	0.0260068	0	7	24.985	90	25.2025	4.99999	4	24.985	
49.9912	9.45219	5	4	25.0155	0.0506959	0.0260068	0	7	25.0155	90	25.9524	4.99999	4	25.0156	
49.9939	10.2022	5	4	25.0436	0.0506959	0.0260068	0	7	25.0437	90	26.7024	4.99999	4	25.0437	
49.9963	11.1022	5	4	25.0779	0.0506959	0.0260068	0	7	25.078	90	27.6024	4.99999	4	25.078	
49.9975	11.8522	5	4	25.1128	0.0506959	0.0260068	0	7	25.1129	90	28.3524	4.99999	4	25.1129	
49.9983	12.6022	5	4	25.142	0.0506959	0.0260068	0	7	25.1421	90	29.1024	4.99999	4	25.1421	
49.9989	13.5022	5	4	25.1672	0.0506959	0.0260068	0	7	25.1672	90	30.0024	4.99999	4	25.1672	
49.9993	14.2522	5	4	25.1975	0.0506959	0.0260068	0	7	25.1975	90	30.7524	4.99999	4	25.1975	
49.9995	15.0022	5	4	25.2285	0.0506959	0.0260068	0	7	25.2285	90	31.5024	4.99999	4	25.2286	
49.9997	15.9022	5	4	25.2605	0.0506959	0.0260068	0	7	25.2605	90	32.4024	4.99999	4	25.2605	
49.9998	16.6522	5	4	25.2887	0.0506959	0.0260068	0	7	25.2888	90	33.1524	4.99999	4	25.2888	
49.9999	17.4022	5	4	25.3193	0.0506959	0.0260068	0	7	25.3194	90	33.9025	4.99999	4	25.3194	
49.9999	18.3022	5	4	25.3431	0.0506959	0.0260068	0	7	25.3431	90	34.8025	4.99999	4	25.3431	
49.9999	19.0522	5	4	25.3786	0.0506959	0.0260068	0	7	25.3786	90	35.5525	4.99999	4	25.3786	
50	19.8022	5	4	25.4152	0.0506959	0.0260068	0	7	25.4152	90	36.3025	4.99999	4	25.4152	
50	20.7022	5	4	25.4491	0.0506959	0.0260068	0	7	25.4491	90	37.2025	4.99999	4	25.4491	
50	21.4522	5	4	25.4797	0.0506959	0.0260068	0	7	25.4798	90	37.9525	4.99999	4	25.4798	
50	22.2022	5	4	25.5108	0.0506959	0.0260068	0	7	25.5109	90	38.7025	4.99999	4	25.5109	
50	23.1021	5	4	25.542	0.0506959	0.0260068	0	7	25.5421	90.2142	39.5044	4.99999	4	25.5421	
50	23.8521	5	4	25.5724	0.0506959	0.0260068	0	7	25.5725	90.9402	39.6861	4.99999	4	25.5725	
50	24.6021	5	4	25.6034	0.0506959	0.0260068	0	7	25.6034	91.6824	39.7934	4.99999	4	25.6034	
50	25.5021	5	4	25.6337	0.0506959	0.0260068	0	7	25.6338	92.5785	39.8753	4.99999	4	25.6338	
50	26.2521	5	4	25.6684	0.0506959	0.0260068	0	7	25.6684	93.3272	39.919	4.99999	4	25.6685	
50	27.0021	5	4	25.7023	0.0506959	0.0260068	0	7	25.7024	93.9223	39.5353	4.99999	4	25.7024	
50	27.9021	5	4	25.7374	0.0506959	0.0260068	0	7	25.7375	94.3358	38.7382	4.99999	4	25.7375	
50	28.6521	5	4	25.7728	0.0506959	0.0260068	0	7	25.7728	94.5473	38.0197	4.99999	4	25.7728	
50	29.4021	5	4	25.8081	0.0506959	0.0260068	0	7	25.8081	94.6999	37.2858	4.99999	4	25.8081	
50	30.3021	5	4	25.8363	0.0506959	0.0260068	0	7	25.8364	94.8133	36.3932	4.99999	4	25.8364	
50	31.0521	5	4	25.8734	0.0506959	0.0260068	0	7	25.8734	94.8737	35.6457	4.99999	4	25.8734	
50	31.8021	5	4	25.9093	0.0506959	0.0260068	0	7	25.9094	94.9138	34.8968	4.99999	4	25.9094	
50	32.7021	5	4	25.9314	0.0506959	0.0260068	0	7	25.9314	94.9465	33.9975	4.99999	4	25.9315	
50	33.4521	5	4	25.9533	0.0506959	0.0260068	0	7	25.9534	94.9638	33.2477	4.99999	4	25.9534	
50	34.2021	5	4	25.9771	0.0506959	0.0260068	0	7	25.9771	94.9753	32.4978	4.99999	4	25.9772	
50	35.1022	5	4	26.0075	0.0506959	0.0260068	0	7	26.0075	94.9847	31.5978	4.99999	4	26.0075	
50	35.8522	5	4	26.0241	0.0506959	0.0260068	0	7	26.0241	94.9896	30.8478	4.99999	4	26.0241	
50	36.6022	5	4	26.0601	0.0506959	0.0260068	0	7	26.0601	94.9929	30.0979	4.99999	4	26.0601	
50	37.5022	5	4	26.0927	0.0506959	0.0260068	0	7	26.0927	94.9956	29.1979	4.99999	4	26.0928	
50	38.2522	5	4	26.1079	0.0506959	0.0260068	0	7	26.1079	94.997	28.4479	4.99999	4	26.1079	
49.2895	38.0044	4.97859	7	26.1435	0.0506959	0.0260068	0	7	26.1435	94.998	27.6979	4.99999	4	26.1435	
47.8686	36.9088	4.93513	7	26.1774	0.0506959	0.0260068	0	7	26.1774	94.9987	26.7979	4.99999	4	26.1774	
46.6848	35.996	4.89823	7	26.2147	0.0506959	0.0260068	0	7	26.2147	94.9991	26.0479	4.99999	4	26.2148	
45.501	35.0833	4.86067	7	26.249	0.0506959	0.0260068	0	7	26.249	94.9994	25.2979	4.99999	4	26.249	
44.3174	34.1707	4.82242	7	26.2839	0.0506959	0.0260068	0	7	26.2858	94.9996	24.3979	4.99999	4	26.2858	
42.8973	33.0757	4.77558	7	26.3147	0.0506959	0.0260068	0	7	26.3148	94.9998	23.6479	4.99999	4	26.3148	
41.7141	32.1634	4.73571	7	26.3455	0.0506959	0.0260068	0	7	26.3455	94.9998	22.8979	4.99999	4	26.3455	
40.5311	31.2512	4.69505	7	26.3763	0.0506959	0.0260068	0	7	26.3764	94.9999	21.9979	4.99999	4	26.3764	
39.1117	30.1568	4.64516	7	26.4106	0.0506959	0.0260068	0	7	26.4107	94.9999	21.2479	4.99999	4	26.4107	
37.9291	29.245	4.60262	7	26.4419	0.0506959	0.0260068	0	7	26.4419	95	20.4979	4.99999	4	26.4419	
36.7468	28.3334	4.55914	7	26.4726	0.0506959	0.0260068	0	7	26.4726	95	19.5979	4.99999	4	26.4726	
35.3283	27.2397	4.50568	7	26.5043	0.0506959	0.0260068	0	7	26.5044	95	18.8479	4.99999	4	26.5044	
34.1465	26.3285	4.45998	7	26.5416	0.0506959	0.0260068	0	7	26.5416	95	18.0979	4.99999	4	26.5416	
32.9651	25.4175	4.41317	7	26.5785	0.0506959	0.0260068	0	7	26.5785	95	17.3479	4.99999	4	26.5785	
31.5478	24.3247	4.35545	7	26.6043	0.0506959	0.0260068	0	7	26.6044	95	16.4479	4.99999	4	26.6044	
30.3671	23.4144	4.30596	7	26.6391	0.0506959	0.0260068	0	7	26.6392	95	15.6979	4.99999	4	26.6392	
29.1868	22.5043	4.25512	7	26.6738	0.0506959	0.0260068	0	7	26.6738	95	14.9479	4.99999	4	26.6738	
27.771	21.4127	4.19221	7	26.7113	0.0506959	0.0260068	0	7	26.7114	95	14.0479	4.99999	4	26.7114	
26.5918	20.5034	4.13807	7	26.7458	0.0506959	0.0260068	0	7	26.7458	95	13.2979	4.99999	4	26.7458	
25.4131	19.5946	4.08226	7	26.7813	0.0506959	0.0260068	0	7	26.7814	95	12.5479	4.99999	4	26.7814	
23.9994	18.5046	4.01288	7	26.817	0.0506959	0.0260068	0	7	26.8171	95	11.6479	4.99999	4	26.8171	
22.8221	17.5969	3.95288	7	26.8529	0.0506959	0.0260068	0	7	26.8529	95	10.8979	4.99999	4	26.8529	
21.6456	16.6897	3.89073	7	26.8798	0.0506959	0.0260068	0	7	26.8798	95	10.1479	4.99999	4	26.8798	
20.235	15.6021	3.81301	7	26.917	0.0506959	0.0260068	0	7	26.9171	95	9.24791	4.99999	4	26.9171	
19.0606	14.6965	3.74537	7	26.9533	0.0506959	0.0260068	0	7	26.9534	95	8.49791	4.99999	4	26.9534	
17.8874	13.792	3.67482	7	26.9903	0.0506959	0.0260068	0	7	26.9903	95	7.74791	4.99999	4	26.9904	
16.4814	12.7079	3.58588	7	27.0105	0.0506959	0.0260068	0	7	27.0106	95	6.84791	4.99999	4	27.0106	
15.3115	11.8059	3.50774	7	27.0483	0.0506959	0.0260068	0	7	27.0483	95	6.09791	4.99999	4	27.0483	
14.1437	10.9054	3.42546	7	27.0829	0.0506959	0.0260068	0	7	27.083	95	5.34791	4.99999	4	27.083	
12.7454	9.82728	3.32046	7	27.1168	0.0506959	0.0260068	0	7	27.1168	95	4.44791	4.99999	4	27.1168	
11.5835	8.93138	3.2269	7	27.1472	0.0506959	0.0260068	0	7	27.1472	95	3.69791	4.99999	4	27.1472	
10.4253	8.03838	3.12688	7	27.1779	0.0506959	0.0260068	0	7	27.178	95	2.94791	4.99999	4	27.178	
9.04193	6.97173	2.99667	7	27.2092	0.0506959	0.0260068	0	7	27.2092	95	2.04791	4.99999	4	27.2093	
7.89622	6.08833	2.87787	7	27.2402	0.0506959	0.0260068	0	7	27.2402	95	1.29791	4.99999	4	27.2402	
6.75936	5.21177	2.74743	7	27.2748	0.0506959	0.0260068	0	7	27.2749	95.0873	0.575976	4.99999	4	27.2749	
5.412	4.17289	2.57129	7	27.3055	0.0506959	0.0260068	0	7	27.3055	95.9401	0.314189	4.99999	4	27.3055	
4.31055	3.32362	2.40292	7	27.3385	0.0506959	0.0260068	0	7	27.3386	96.6823	0.206764	4.99999	4	27.3386	
3.24059	2.49864	2.20769	7	27.3747	0.0506959	0.0260068	0	7	27.3747	97.4288	0.134482	4.99999	4	27.3747	
2.22456	1.71524	1.97502	7	27.411	0.0506959	0.0260068	0	7	27.4111	98.3271	0.0810831	4.99999	4	27.4111	
1.14451	0.882465	1.62435	7	27.4441	0.0506959	0.0260068	0	7	27.4442	98.9222	0.464729	4.99999	4	27.4442	
0.471547	0.363584	1.25532	7	27.4793	0.0506959	0.0260068	0	7	27.4793	99.2871	1.11997	4.99999	4	27.4794	
0.109436	0.0843796	0.828318	7	27.5145	0.0506959	0.0260068	0	7	27.5145	99.5473	1.98029	4.99999	4	27.5145	
0.00203523	0.00156925	0.290479	7	27.5308	0.0506959	0.0260068	0	7	27.5308	99.6999	2.71423	4.99999	4	27.5308	
0.00164333	0.00126708	0.0204759	7	27.5531	0.0506959	0.0260068	0	7	27.5531	99.7993	3.45746	4.99999	4	27.5531	
0.0497729	0.0383771	4.78529e-06	7	27.5834	0.0506959	0.0260068	0	7	27.5835	99.8645	4.20456	4.99999	4	27.5835	
0.0497729	0.0383771	3.21437e-11	7	27.6091	0.0506959	0.0260068	0	7	27.6092	99.9138	5.10317	4.99999	4	27.6092	
0.0497729	0.0383771	1.57188e-15	7	27.6316	0.0506959	0.0260068	0	7	27.6316	99.9425	5.85261	4.99999	4	27.6316	
0.0497729	0.0383771	7.68675e-20	7	27.6679	0.0506959	0.0260068	0	7	27.668	99.9612	6.60237	4.99999	4	27.668	
0.0497729	0.0383771	5.16335e-25	7	27.7003	0.0506959	0.0260068	0	7	27.7003	99.9753	7.50225	4.99999	4	27.7003	
0.0497729	0.0383771	2.52496e-29	7	27.7365	0.0506959	0.0260068	0	7	27.7366	99.9835	8.25221	4.99999	4	27.7366	
0.0497729	0.0383771	1.23475e-33	7	27.7671	0.0506959	0.0260068	0	7	27.7671	99.9889	9.00219	4.99999	4	27.7671	
0.0497729	0.0383771	8.29405e-39	7	27.8005	0.0506959	0.0260068	0	7	27.8005	99.9929	9.90218	4.99999	4	27.8005	
0.0497729	0.0383771	4.04975e-43	7	27.8308	0.0506959	0.0260068	0	7	27.8308	99.9953	10.6522	4.99999	4	27.8309	
0.0497729	0.0383771	0	7	27.8616	0.0506959	0.0260068	0	7	27.8616	99.9968	11.4022	4.99999	4	27.8616	
0.0497729	0.0383771	0	7	27.8923	0.0506959	0.0260068	0	7	27.8923	99.998	12.3022	4.99999	4	27.8923	
0.0497729	0.0383771	0	7	27.9224	0.0506959	0.0260068	0	7	27.9225	99.9986	13.0522	4.99999	4	27.9225	
0.0497729	0.0383771	0	7	27.9458	0.0506959	0.0260068	0	7	27.9458	99.9991	13.8022	4.99999	4	27.9459	
0.0497729	0.0383771	0	7	27.9671	0.0506959	0.0260068	0	7	27.9671	99.9994	14.7022	4.99999	4	27.9671	
0.0497729	0.0383771	0	7	28.0036	0.0506959	0.0260068	0	7	28.0037	99.9996	15.4522	4.99999	4	28.0037	
0.0497729	0.0383771	0	7	28.0411	0.0506959	0.0260068	0	7	28.0411	99.9997	16.2022	4.99999	4	28.0411	
0.0497729	0.0383771	0	7	28.0762	0.0506959	0.0260068	0	7	28.0762	99.9998	17.1022	4.99999	4	28.0762	
0.0497729	0.0383771	0	7	28.1083	0.0506959	0.0260068	0	7	28.1084	99.9999	17.8522	4.99999	4	28.1084	
0.0497729	0.0383771	0	7	28.1397	0.0506959	0.0260068	0	7	28.1398	99.9999	18.6022	4.99999	4	28.1398	
0.0497729	0.0383771	0	7	28.1703	0.0506959	0.0260068	0	7	28.1703	100	19.5022	4.99999	4	28.1703	
0.0497729	0.0383771	0	7	28.2003	0.0506959	0.0260068	0	7	28.2004	100	20.2522	4.99999	4	28.2004	
0.0497729	0.0383771	0	7	28.2352	0.0506959	0.0260068	0	7	28.2353	100	21.0022	4.99999	4	28.2353	
0.0497729	0.0383771	0	7	28.2665	0.0506959	0.0260068	0	7	28.2665	100	21.9021	4.99999	4	28.2666	
0.0497729	0.0383771	0	7	28.2973	0.0506959	0.0260068	0	7	28.2974	100	22.6521	4.99999	4	28.2974	
0.0497729	0.0383771	0	7	28.3281	0.0506959	0.0260068	0	7	28.3281	100	23.4021	4.99999	4	28.3281	
0.0497729	0.0383771	0	7	28.3591	0.0506959	0.0260068	0	7	28.3592	100	24.3021	4.99999	4	28.3592	
0.0497729	0.0383771	0	7	28.3899	0.0506959	0.0260068	0	7	28.3899	100	25.0521	4.99999	4	28.39	
0.0497729	0.0383771	0	7	28.4245	0.0506959	0.0260068	0	7	28.4245	100	25.8021	4.99999	4	28.4246	
0.0497729	0.0383771	0	7	28.4607	0.0506959	0.0260068	0	7	28.4608	100	26.7021	4.99999	4	28.4608	
0.0497729	0.0383771	0	7	28.4962	0.0506959	0.0260068	0	7	28.4962	100	27.4521	4.99999	4	28.4963	
0.0497729	0.0383771	0	7	28.5346	0.0506959	0.0260068	0	7	28.5346	100	28.2021	4.99999	4	28.5346	
0.0497729	0.0383771	0	7	28.5712	0.0506959	0.0260068	0	7	28.5712	100	29.1021	4.99999	4	28.5712	
0.0497729	0.0383771	0	7	28.6049	0.0506959	0.0260068	0	7	28.6049	100	29.8521	4.99999	4	28.6049	
0.0497729	0.0383771	0	7	28.6391	0.0506959	0.0260068	0	7	28.6391	100	30.6021	4.99999	4	28.6391	
0.0497729	0.0383771	0	7	28.675	0.0506959	0.0260068	0	7	28.675	100	31.5021	4.99999	4	28.675	
0.0497729	0.0383771	0	7	28.7118	0.0506959	0.0260068	0	7	28.7118	100	32.2521	4.99999	4	28.7118	
0.0497729	0.0383771	0	7	28.7455	0.0506959	0.0260068	0	7	28.7455	100	33.0021	4.99999	4	28.7456	
0.0497729	0.0383771	0	7	28.7804	0.0506959	0.0260068	0	7	28.7804	100	33.7521	4.99999	4	28.7805	
0.0497729	0.0383771	0	7	28.8133	0.0506959	0.0260068	0	7	28.8134	100	34.6521	4.99999	4	28.8134	
0.0497729	0.0383771	0	7	28.8453	0.0506959	0.0260068	0	7	28.8453	100	35.4022	4.99999	4	28.8453	
0.0497729	0.0383771	0	7	28.8583	0.0506959	0.0260068	0	7	28.8583	100	36.1522	4.99999	4	28.8583	
0.0497729	0.0383771	0	7	28.8952	0.0506959	0.0260068	0	7	28.8952	100	37.0522	4.99999	4	28.8952	
0.0497729	0.0383771	0	7	28.9166	0.0506959	0.0260068	0	7	28.9166	100	37.8022	4.99999	4	28.9166	
0.0497729	0.0383771	0	7	28.9502	0.0506959	0.0260068	0	7	28.9502	100	38.5522	4.99999	4	28.9502	
0.0497729	0.0383771	0	7	28.9513	0.0506959	0.0260068	0	7	28.9514	99.4407	38.3366	4.99159	7	28.9514	
